NC_007558.1	335103
NC_007557.1	335103
NC_007552.1	335103
NC_007551.1	335103
NC_007550.1	335103
NC_007549.1	335103
NC_005235.1	3052477
NC_005234.1	3052477
NC_005233.1	3052477
NC_021589.1	994995
NC_021588.1	994995
NC_021587.1	994995
NC_021586.1	994995
NC_021585.1	994995
NC_021584.1	994995
NC_021583.1	994995
NC_021582.1	994995
NC_021581.1	994995
NC_006317.1	2907957
NC_005219.1	3052480
NC_005218.1	3052480
NC_021580.1	994995
NC_021590.1	994995
NC_004910.1	130760
NC_002204.1	518987
NC_007361.1	93838
NC_007360.1	93838
NC_007359.1	93838
NC_007357.1	93838
NC_004912.1	130760
NC_004911.1	130760
NC_004909.1	130760
NC_004908.1	130760
NC_027026.1	1280920
NC_026314.1	2773293
NC_001803.1	208893
NC_024625.1	1346829
NC_014955.1	909331
NC_001612.1	138948
NC_001472.1	138949
NC_005946.1	10493
NC_001412.1	10840
NC_003310.1	10244
NC_026440.1	1605721
NC_025963.1	1579460
NC_025412.1	1560514
NC_024697.1	1474867
NC_024486.1	1520006
NC_024446.1	648998
NC_023848.1	1465751
NC_023841.1	754069
NC_023615.1	345198
NC_023613.1	1301280
NC_023611.1	345585
NC_023423.1	1450746
NC_022613.1	1408258
NC_022612.1	1408257
NC_022098.1	1349410
NC_021901.1	345198
NC_021858.1	1349409
NC_021312.1	251749
NC_021249.1	1293539
NC_021247.1	1293540
NC_021246.1	1293572
NC_021221.1	172861
NC_020864.1	755272
NC_020852.1	754064
NC_020840.1	754070
NC_020104.1	1269028
NC_017979.1	1193422
NC_016924.1	930275
NC_014564.2	878329
NC_016072.1	1094892
NC_015960.1	1076255
NC_015326.1	999883
NC_015323.1	190063
NC_014969.1	190065
NC_014789.1	696472
NC_014766.1	880162
NC_014767.1	880161
NC_014765.1	880159
NC_014649.1	212035
NC_014637.1	693272
NC_013756.1	694581
NC_013288.1	642926
NC_011646.1	491893
NC_011335.1	158683
NC_004037.2	114430
NC_009899.1	380598
NC_009233.1	260797
NC_008724.1	411359
NC_008603.1	399781
NC_008518.1	328615
NC_008361.1	113370
NC_008030.1	1285600
NC_007346.1	181082
NC_006966.1	305674
NC_006549.1	262968
NC_005902.1	256729
NC_005832.1	265294
NC_005337.1	129727
NC_004003.1	376852
NC_003494.1	180170
NC_003038.1	176652
NC_003027.1	376849
NC_002642.1	132475
NC_000899.1	190064
NC_001720.1	190061
NC_027213.1	10256
NC_001659.2	10497
NC_024451.1	72201
NC_024447.1	10264
NC_023426.1	62099
NC_021248.1	10288
NC_017940.1	84739
NC_000852.5	10506
NC_015780.1	68347
NC_011183.1	39420
NC_009898.1	46021
NC_008291.1	28871
NC_008187.1	345201
NC_005336.1	10258
NC_005309.1	44088
NC_005179.1	38804
NC_003663.2	10243
NC_004105.1	12643
NC_004002.1	10266
NC_003391.1	28873
NC_003389.1	10276
NC_001132.2	10273
NC_002687.1	37665
NC_002520.1	28321
NC_001824.1	36363
NC_002188.1	10261
NC_001266.1	10271
NC_001993.1	83191
NC_001731.1	10280
NC_001611.1	10255
NC_001364.1	2170203
NC_014529.1	204269
NC_010810.1	1425211
NC_006501.1	55987
NC_006503.1	55987
NC_006502.1	55987
NC_006499.1	55987
NC_006498.1	55987
NC_001490.1	12131
NC_024769.1	2847848
NC_024120.1	2902768
NC_023425.1	2907992
NC_007920.1	2847098
NC_006430.1	2905673
NC_005040.1	2847998
NC_004064.1	2847999
NC_003323.1	194443
NC_000940.1	2849715
NC_000858.1	194440
NC_008714.1	2849103
NC_006942.1	2908018
NC_006563.1	2908011
NC_006505.1	2907958
NC_006439.1	2905917
NC_006313.1	2907957
NC_018871.1	1241933
NC_016992.1	1159906
NC_016996.1	1159902
NC_016995.1	1159908
NC_016993.1	1159903
NC_014470.1	864596
NC_010438.1	694001
NC_009988.1	693998
NC_009657.1	693999
NC_005831.2	277944
NC_021168.1	1298385
NC_026760.1	2843704
NC_022127.1	2755028
NC_022129.1	2755028
NC_022128.1	2755028
NC_006553.1	2870363
NC_001524.1	2885846
NC_016991.1	1159907
NC_002645.1	11137
NC_003801.1	46618
NC_023421.1	1420600
NC_020803.1	1256869
NC_002200.1	2560602
NC_025962.1	1580497
NC_025678.1	1560346
NC_024684.1	874272
NC_024474.1	764030
NC_024150.1	943083
NC_022563.1	240426
NC_022266.1	909210
NC_020487.1	994672
NC_020485.1	585059
NC_017825.1	1123958
NC_016437.1	1520004
NC_015932.1	696069
NC_015455.1	1520002
NC_015225.1	995022
NC_015230.1	1932931
NC_015123.1	712037
NC_014899.1	931972
NC_013804.1	129726
NC_012959.1	651580
NC_012584.1	573199
NC_011202.1	108098
NC_011203.1	108098
NC_010956.1	130310
NC_009989.1	189830
NC_006879.1	310540
NC_003266.2	130308
NC_006144.1	38420
NC_002685.2	130499
NC_002702.1	45370
NC_002513.1	114429
NC_002501.1	114102
NC_001958.1	41678
NC_001876.1	10510
NC_001813.1	130328
NC_001734.1	10537
NC_001460.1	129875
NC_001454.1	130309
NC_000942.1	129956
NC_020074.1	111167
NC_025344.1	2482952
NC_006579.1	270473
NC_001989.1	3136119
NC_001781.1	11250
NC_009021.1	694006
NC_009020.1	694008
NC_009019.1	694007
NC_006577.2	290028
NC_004718.3	227984
NC_003973.1	2773288
NC_002232.1	2772507
NC_026011.1	1590370
NC_017083.1	1160968
NC_001846.1	11138
NC_024770.1	2764087
NC_018400.1	2764087
NC_012936.1	502102
NC_003045.1	11128
NC_020236.1	881944
NC_010354.1	2758977
NC_025217.1	1541205
NC_019843.3	1335626
NC_026767.1	2758139
NC_019946.1	86502
NC_007000.2	300879
NC_006999.2	300879
NC_013268.1	545259
NC_013267.1	545259
NC_013266.1	545259
NC_007001.1	300879
NC_003449.1	35297
NC_025892.1	1236395
NC_019858.1	1891739
NC_019857.1	1891738
NC_019856.1	1891737
NC_019855.1	1891736
NC_019850.1	1236407
NC_021153.1	1281454
NC_012532.1	64320
NC_009942.1	11082
NC_001563.2	11082
NC_025673.1	1562039
NC_026797.1	1633878
NC_025672.1	1562038
NC_001475.2	11069
NC_001474.2	11060
NC_004102.1	41856
NC_002640.1	11070
NC_024889.1	1416349
NC_013699.1	459770
NC_024018.2	188938
NC_022619.1	1408133
NC_014952.1	931209
NC_014953.1	931210
NC_014954.1	909330
NC_014956.1	909333
NC_013590.2	10334
NC_012735.1	164416
NC_012534.1	64290
NC_012533.1	64311
NC_012213.1	565537
NC_011829.1	569195
NC_009530.1	436447
NC_009333.1	37296
NC_008495.1	361731
NC_004020.1	191436
NC_004019.1	191436
NC_004018.1	191436
NC_002690.1	12288
NC_001669.1	1891767
NC_026623.1	64305
NC_018705.3	64292
NC_017086.1	631267
NC_016997.1	985683
NC_009028.2	59563
NC_009029.2	44024
NC_012932.1	390845
NC_012671.1	643132
NC_008604.2	390844
NC_007580.2	11080
NC_006551.1	64286
NC_005064.1	218849
NC_001437.1	11072
NC_026624.1	64317
NC_026620.1	64299
NC_023439.1	1456752
NC_023424.1	40004
NC_021069.1	673515
NC_008718.1	64283
NC_008719.1	44026
NC_005062.1	12542
NC_004119.1	64312
NC_003996.1	161675
NC_003690.1	11085
NC_003687.1	11083
NC_003675.1	64285
NC_003676.1	64280
NC_003635.1	64300
NC_000943.1	11079
NC_001809.1	11086
NC_001672.1	11084
NC_001655.1	2847087
NC_002031.1	11089
NC_009824.1	356114
NC_009827.1	42182
NC_009823.1	40271
NC_009826.1	33746
NC_009825.1	33745
NC_001477.1	11053
NC_014373.1	565995
NC_004162.2	37124
NC_023162.1	2870354
NC_008987.1	265522
NC_026439.1	1965064
NC_013135.1	666363
NC_024810.1	1532882
NC_027209.1	1661396
NC_027215.1	260377
NC_027214.1	1661395
NC_027212.1	1608533
NC_027211.1	2560614
NC_027210.1	369752
NC_027208.1	1661062
NC_027199.1	1631554
NC_027198.1	1432563
NC_027142.1	1213620
NC_027141.1	1213620
NC_027140.1	1213620
NC_027139.1	1654339
NC_027138.1	1654339
NC_027137.1	3052321
NC_027136.1	3052318
NC_027135.1	3052321
NC_027134.1	3052318
NC_027131.1	1471299
NC_027129.1	1504732
NC_027128.1	1654357
NC_027126.1	1654355
NC_027124.1	1658615
NC_027123.1	1602124
NC_027122.1	1615583
NC_008520.2	31507
NC_027121.1	1654603
NC_027117.1	1622024
NC_027059.1	687387
NC_027054.1	1156769
NC_027040.1	44560
NC_027016.1	1667587
NC_001806.2	10298
NC_026946.1	1647924
NC_026945.1	1642515
NC_026944.1	2170103
NC_026943.1	1642018
NC_018571.2	646010
NC_026248.1	1592930
NC_026942.1	1634381
NC_026922.1	1642929
NC_026921.1	1641896
NC_026819.1	1634914
NC_026816.1	1501716
NC_026815.1	3052712
NC_026814.1	1157338
NC_026812.1	1611837
NC_026762.1	1623685
NC_026771.1	1631303
NC_026770.1	1623689
NC_026769.1	1623688
NC_026768.1	1623687
NC_026766.1	1623686
NC_026765.1	1629657
NC_026764.1	1629656
NC_026763.1	1633139
NC_026761.1	1632184
NC_026759.1	46076
NC_026733.1	1629132
NC_026732.1	1435457
NC_026664.1	1619220
NC_026663.1	1619218
NC_026662.1	1619219
NC_026654.1	1618249
NC_026653.1	1618243
NC_026652.1	1618248
NC_026651.1	1618247
NC_026650.1	1618232
NC_026649.1	1618246
NC_026648.1	1618245
NC_026647.1	1618244
NC_026646.1	1618242
NC_026645.1	1618240
NC_026643.1	1618239
NC_026642.1	1618238
NC_026641.1	1618237
NC_026640.1	1619253
NC_026639.1	1618236
NC_026638.1	1618235
NC_026637.1	1618234
NC_026636.1	1618233
NC_026635.1	1618260
NC_026634.1	1618259
NC_026633.1	1618258
NC_026632.1	1618257
NC_026631.1	1618253
NC_026630.1	1618252
NC_026629.1	1618256
NC_026628.1	1618255
NC_026627.1	1618251
NC_026626.1	1618250
NC_026625.1	1618254
NC_026622.1	1562380
NC_026621.1	1562379
NC_026616.2	165250
NC_026619.1	1266451
NC_026617.1	1266451
NC_026615.1	945960
NC_026592.1	1214459
NC_001650.2	12657
NC_026514.1	1611435
NC_026513.1	1611435
NC_026512.1	1611039
NC_026511.1	307454
NC_026510.1	1494074
NC_026509.1	1965063
NC_009528.2	57483
NC_026438.1	641809
NC_026437.1	641809
NC_025218.2	1353795
NC_026436.1	641809
NC_026435.1	641809
NC_026434.1	641809
NC_026433.1	641809
NC_026432.1	641809
NC_026431.1	641809
NC_026473.1	1608323
NC_026472.1	1561150
NC_026470.1	2870348
NC_026430.1	1592576
NC_026429.1	1332244
NC_026428.1	1332244
NC_026427.1	1332244
NC_026426.1	1332244
NC_026425.1	1332244
NC_026424.1	1332244
NC_026423.1	1332244
NC_026422.1	1332244
NC_026421.1	10371
NC_026316.1	1603964
NC_026315.1	1603963
NC_026253.1	1602199
NC_026283.1	1590836
NC_026282.1	1590836
NC_026281.1	1590836
NC_026280.1	1592102
NC_026279.1	1592101
NC_026278.1	1592100
NC_026277.1	1592099
NC_026276.1	1592098
NC_026275.1	1592097
NC_026274.1	1592096
NC_026273.1	1592095
NC_026272.1	1590173
NC_026271.1	1592094
NC_026270.1	1592093
NC_026269.1	1592092
NC_026268.1	1592335
NC_026267.1	1592091
NC_026266.1	1592090
NC_026265.1	1592089
NC_026264.1	1592088
NC_026263.1	1592087
NC_026262.1	1592086
NC_026261.1	1590156
NC_026260.1	1592085
NC_026259.1	1592084
NC_026258.1	1592083
NC_026257.1	1592082
NC_026256.1	1592104
NC_026255.1	1592103
NC_026251.1	1519097
NC_026250.1	1591444
NC_026249.1	1564115
NC_026247.1	3052306
NC_026246.1	3052306
NC_026245.1	1590172
NC_026244.1	2170102
NC_026243.1	1590155
NC_026241.1	1590154
NC_026240.1	167020
NC_026239.1	167018
NC_026238.1	198310
NC_026242.1	1546257
NC_026141.2	1590650
NC_026135.1	1580605
NC_026140.1	1566868
NC_026139.1	1568973
NC_026138.1	1566011
NC_026136.1	1580606
NC_026019.1	3052330
NC_026018.1	3052330
NC_026015.1	1588049
NC_026012.1	1588048
NC_025967.1	1493829
NC_025966.1	1514665
NC_025965.1	1126383
NC_025964.1	1076345
NC_025961.1	1582094
NC_025960.1	1580580
NC_025959.1	1574422
NC_010277.2	493803
NC_001663.2	1891729
NC_001515.2	179241
NC_025899.1	1891756
NC_025898.1	1891720
NC_025896.1	1891758
NC_025895.1	1891768
NC_025894.1	1286213
NC_025893.1	1516127
NC_025891.1	1581151
NC_025890.1	1578826
NC_025889.1	1516128
NC_025835.1	1541119
NC_025853.1	1577776
NC_025852.1	1577776
NC_025851.1	1577776
NC_025850.1	1577776
NC_025849.1	1577776
NC_025848.1	1577776
NC_025847.1	1577776
NC_025846.1	1577776
NC_025845.1	1577776
NC_025844.1	1577776
NC_025843.1	1577776
NC_025842.1	1577776
NC_025841.1	1577776
NC_025840.1	1577776
NC_025839.1	1577776
NC_025838.1	1577776
NC_025837.1	1577997
NC_025836.1	1574287
NC_025834.1	1571533
NC_025833.1	1381104
NC_025832.1	1381104
NC_025831.1	1381104
NC_025825.1	1513315
NC_025821.1	443746
NC_025811.1	1578134
NC_025810.1	1388882
NC_025809.1	1388882
NC_025808.1	1388882
NC_025807.1	1388882
NC_025806.1	1388882
NC_025805.1	1388882
NC_025804.1	1388882
NC_025803.1	1388882
NC_025802.1	1388882
NC_025801.1	1388882
NC_025800.1	1561705
NC_025799.1	1566309
NC_025798.1	1566309
NC_025797.1	1566309
NC_025796.1	1566309
NC_025795.1	1566309
NC_025794.1	1566309
NC_025793.1	1566309
NC_025792.1	1572239
NC_025791.1	1987737
NC_025790.1	1572341
NC_025789.1	12432
NC_025788.1	1566869
NC_025727.1	1535291
NC_025726.1	1535290
NC_025725.1	1547577
NC_022517.1	11764
NC_025435.1	1564903
NC_025432.1	1565990
NC_025724.1	1379725
NC_025723.1	1379723
NC_025722.1	1379722
NC_025720.1	1379720
NC_025719.1	1379719
NC_025718.1	1379718
NC_025717.1	1379717
NC_025716.1	1379715
NC_025715.1	1379714
NC_025714.1	1379713
NC_025713.1	1379712
NC_025712.1	1379711
NC_025711.1	1379710
NC_025710.1	1379709
NC_025709.1	1379708
NC_025708.1	1379707
NC_025706.1	1379695
NC_025705.1	1379692
NC_025684.1	1105386
NC_025683.1	1105385
NC_025682.1	1105383
NC_025681.1	994388
NC_025680.1	232380
NC_025679.1	1562065
NC_025677.1	1562066
NC_025676.1	1564182
NC_025675.1	1562064
NC_025674.1	1527523
NC_003092.2	38143
NC_025484.1	1464778
NC_025483.1	1464778
NC_025482.1	1464778
NC_025481.1	722755
NC_025478.1	722755
NC_025477.1	722755
NC_025475.1	1568974
NC_025474.1	2169853
NC_025469.1	1425363
NC_025468.1	1425362
NC_025381.1	233051
NC_008310.2	185955
NC_007915.3	282786
NC_007017.2	167019
NC_024809.1	1532882
NC_025476.1	1506568
NC_025493.1	1567404
NC_025492.1	1567404
NC_025491.1	1567404
NC_025490.1	1567404
NC_025489.1	1567404
NC_025488.1	1567404
NC_025487.1	1567404
NC_025486.1	1567404
NC_025485.1	1567404
NC_024918.1	1427476
NC_024917.1	1427476
NC_024916.1	1427476
NC_024915.1	1427476
NC_024914.1	1427476
NC_024913.1	1427476
NC_024912.1	1427476
NC_024911.1	1427476
NC_024910.1	1427476
NC_024700.1	1530454
NC_024699.1	1532180
NC_024920.1	1427476
NC_024919.1	1427476
NC_025410.1	798072
NC_025408.1	642022
NC_025407.1	2560310
NC_025406.1	1511639
NC_025405.1	1348439
NC_025404.1	1261101
NC_025403.1	1261100
NC_025402.1	3052733
NC_025401.1	1491491
NC_025400.1	1229186
NC_025399.1	318852
NC_025397.1	764599
NC_025396.1	318835
NC_025395.1	1479613
NC_025394.1	1972569
NC_025393.1	1972683
NC_025391.1	318843
NC_025390.1	2560326
NC_025389.1	488317
NC_025388.1	351427
NC_025387.1	936149
NC_025386.1	120499
NC_025385.1	237716
NC_025384.1	936308
NC_025383.1	1483724
NC_025382.1	1481139
NC_025359.1	698672
NC_025352.1	1474807
NC_025380.1	928214
NC_025378.1	1972567
NC_025377.1	249584
NC_025376.1	2847096
NC_025373.1	3052594
NC_025371.1	1288358
NC_025370.1	1891735
NC_025368.1	928211
NC_025367.1	1561172
NC_025366.1	1561171
NC_025365.1	746543
NC_025364.1	1972570
NC_025363.1	2560320
NC_025362.1	1272959
NC_025361.1	2560315
NC_025360.1	381543
NC_025358.1	318834
NC_025357.1	1560351
NC_025356.1	219584
NC_025355.1	1117633
NC_025353.1	198833
NC_025351.1	1221391
NC_025350.1	798074
NC_025348.1	798073
NC_025347.1	2560317
NC_025346.1	1161132
NC_025345.1	1195087
NC_025343.1	1452514
NC_025342.1	1428456
NC_025341.1	1408144
NC_025340.1	1459044
NC_025266.1	1266458
NC_025265.1	1266458
NC_025259.1	1552409
NC_025257.1	307444
NC_025256.1	2847089
NC_025255.1	1046251
NC_025254.1	114922
NC_025253.1	1027468
NC_025252.1	1503864
NC_025251.1	1072176
NC_025250.1	326202
NC_025247.1	459957
NC_025246.1	1959744
NC_025214.1	1547580
NC_025219.1	1541211
NC_025216.1	1548712
NC_025215.1	1548711
NC_023420.2	1427476
NC_025114.1	1547495
NC_025113.1	1546178
NC_025112.1	1546177
NC_024908.1	1543419
NC_024906.1	1543207
NC_024779.1	333968
NC_024895.1	1513489
NC_024894.1	1513489
NC_024893.1	1036963
NC_024891.1	1427157
NC_024890.1	1427156
NC_024888.1	1391667
NC_024887.1	11023
NC_024808.1	1538549
NC_024806.1	649187
NC_024805.1	1445557
NC_024781.1	3052505
NC_024778.1	1881951
NC_024776.1	2170122
NC_024775.1	2170124
NC_024774.1	2170125
NC_024773.1	2170123
NC_024772.1	2170121
NC_024771.1	80341
NC_024768.1	1534547
NC_024767.1	1534546
NC_024766.1	1534545
NC_024765.1	1534544
NC_024709.1	1986118
NC_024692.1	1529056
NC_024703.1	1532031
NC_024702.1	1034377
NC_024701.1	1538452
NC_024696.1	768738
NC_024694.1	1525173
NC_024693.1	1489312
NC_024691.1	1516081
NC_024690.1	1516080
NC_024689.1	2004486
NC_024687.1	875323
NC_024686.1	1472425
NC_024685.1	1523858
NC_024498.1	1522059
NC_024510.1	40060
NC_024509.1	40060
NC_024508.1	40060
NC_024507.1	40060
NC_024506.1	40060
NC_024505.1	40060
NC_024504.1	40060
NC_024503.1	40060
NC_024500.1	40060
NC_024499.1	40060
NC_024497.1	1521188
NC_024496.1	1216928
NC_024495.1	1216928
NC_024494.1	1216928
NC_024493.1	683176
NC_024492.1	683176
NC_024491.1	1431395
NC_024489.1	1522179
NC_024488.1	1500866
NC_024487.1	1500865
NC_024485.1	1476202
NC_024484.1	1521392
NC_024483.1	1521391
NC_024482.1	1521390
NC_024481.1	1521389
NC_024480.1	1521388
NC_024479.1	1521387
NC_024478.1	1521386
NC_024477.1	1521385
NC_024476.1	1520332
NC_024473.1	11280
NC_024472.1	1518575
NC_024471.1	2170240
NC_024458.1	1176736
NC_024457.1	59817
NC_024455.1	1514896
NC_024454.1	740933
NC_024452.1	717641
NC_024450.1	1510155
NC_024449.1	1424279
NC_024376.1	1424280
NC_024445.1	1508712
NC_024444.1	1508711
NC_024443.1	1508710
NC_024382.1	138184
NC_024377.1	1454041
NC_024306.1	1343901
NC_024303.1	1504288
NC_024305.1	932073
NC_024304.1	932073
NC_024301.1	1505530
NC_024300.1	1463817
NC_024298.1	1502101
NC_024297.1	1435485
NC_024296.1	1715291
NC_020073.2	208086
NC_007816.2	165432
NC_001265.2	11986
NC_000939.2	44562
NC_024151.1	1485922
NC_024119.1	1488557
NC_024118.1	1497391
NC_024116.1	1498504
NC_024115.1	1497019
NC_024114.1	1172985
NC_024113.1	1172985
NC_024112.1	1172985
NC_024111.1	1172985
NC_003821.3	11988
NC_005338.2	333968
NC_024078.1	1493858
NC_024077.1	1495316
NC_024076.1	1495866
NC_024075.1	1495866
NC_024074.1	1495866
NC_024073.1	47681
NC_024070.1	1511807
NC_024031.1	1489836
NC_024017.1	1485186
NC_024016.1	1487185
NC_024013.1	75574
NC_024012.1	75574
NC_024009.1	1317107
NC_023989.1	1492296
NC_023988.1	1483681
NC_023987.1	1481453
NC_023986.1	1482319
NC_023985.1	1482734
NC_023984.1	1233383
NC_023983.1	1211481
NC_023680.1	1284208
NC_023871.1	1234886
NC_023870.1	1234884
NC_023872.1	1234887
NC_023869.1	1234880
NC_023868.1	1234881
NC_023866.1	1234883
NC_023886.1	1234879
NC_023878.1	1475063
NC_023895.1	1163708
NC_023894.1	1480065
NC_023893.1	2003398
NC_023892.1	1468172
NC_023891.1	1478160
NC_023873.1	1472717
NC_023888.1	1346815
NC_023887.1	2170130
NC_023885.1	1475143
NC_023884.1	1282444
NC_023883.1	1282443
NC_023882.1	1163703
NC_023879.1	1353241
NC_023877.1	1475062
NC_023851.1	1229325
NC_023850.1	1229324
NC_023843.1	1224510
NC_023864.1	1476487
NC_023860.1	1472911
NC_023858.1	1330070
NC_023855.1	1234878
NC_023854.1	1234874
NC_023853.1	1234872
NC_023852.1	1226723
NC_023849.1	1225069
NC_023845.1	1219896
NC_023844.1	1985374
NC_023842.1	1469956
NC_023766.1	1382279
NC_023765.1	1382279
NC_023812.1	1440170
NC_023822.1	226613
NC_023821.1	226613
NC_023820.1	1462685
NC_023819.1	226613
NC_023818.1	1462685
NC_023817.1	1462685
NC_023816.1	226613
NC_023815.1	226613
NC_023814.1	226613
NC_023813.1	226613
NC_023764.1	3052319
NC_023763.1	3052319
NC_023762.1	1303019
NC_023761.1	1303019
NC_023760.1	766791
NC_023685.1	1411681
NC_023684.1	1411681
NC_023681.1	78219
NC_023677.1	332937
NC_023676.1	1228012
NC_023675.1	1105379
NC_023674.1	1105378
NC_023673.1	1165907
NC_023639.1	1128151
NC_023641.1	1468454
NC_023638.1	1105381
NC_023637.1	1105380
NC_023636.1	1093928
NC_023635.1	904698
NC_023634.1	904698
NC_023633.1	904698
NC_023632.1	1027244
NC_023631.1	1027245
NC_023630.1	1027247
NC_023629.1	1027248
NC_023628.1	160842
NC_023627.1	1464786
NC_023626.1	67585
NC_023598.1	1435446
NC_023547.1	1460374
NC_023496.1	990304
NC_023495.1	1382295
NC_023494.1	1382295
NC_023493.1	1382295
NC_023492.1	1382295
NC_023491.1	1382295
NC_023490.1	1382295
NC_023489.1	1382295
NC_023488.1	1382295
NC_023487.1	1382295
NC_023486.1	1382295
NC_023485.1	1459800
NC_023483.1	1460071
NC_023442.1	74320
NC_023440.1	1457165
NC_023436.1	1454022
NC_023435.1	1454030
NC_023434.1	1454029
NC_023433.1	1454028
NC_023432.1	1454027
NC_023431.1	1454026
NC_023430.1	1454025
NC_023429.1	1454024
NC_023428.1	1454023
NC_023427.1	1454021
NC_023422.1	1452516
NC_023339.1	270256
NC_023312.1	1303385
NC_023311.1	1436892
NC_023310.1	1436892
NC_023309.1	1436892
NC_023308.1	1436892
NC_023307.1	2038729
NC_023306.1	2038729
NC_023305.1	2038729
NC_023304.1	2038729
NC_023303.1	1436892
NC_023302.1	2038729
NC_023301.1	2038729
NC_023300.1	2038729
NC_023299.1	2038729
NC_023298.1	1436892
NC_023297.1	1436892
NC_023296.1	1436892
NC_023295.1	3241188
NC_023043.1	764348
NC_023042.1	764348
NC_023041.1	764348
NC_023040.1	764348
NC_023039.1	764348
NC_023034.1	1384631
NC_023177.1	1987479
NC_023022.1	1432857
NC_023021.1	1432856
NC_023178.1	1352235
NC_023176.1	412969
NC_023175.1	1406816
NC_023161.1	753670
NC_023160.1	753670
NC_023159.1	753670
NC_023158.1	753670
NC_023157.1	753670
NC_023156.1	753670
NC_023155.1	753670
NC_023154.1	753670
NC_023153.1	1435008
NC_023023.1	1432565
NC_023020.1	1241957
NC_023017.1	1432135
NC_023016.1	1432135
NC_023014.1	320856
NC_004553.3	218923
NC_023008.1	1394033
NC_022978.1	940280
NC_022961.1	12430
NC_022897.1	1419711
NC_022896.1	1423347
NC_022895.1	1421055
NC_022894.1	1400526
NC_022892.1	1420545
NC_022802.1	1416021
NC_022801.1	1416026
NC_022800.1	1417756
NC_022799.1	257464
NC_022798.1	257464
NC_022789.1	1415628
NC_022788.1	1415627
NC_022787.1	237020
NC_022755.1	1972564
NC_022748.1	1414671
NC_022745.1	1414644
NC_022646.1	1986291
NC_022647.1	1408129
NC_022645.1	223264
NC_022644.1	223264
NC_022642.1	40052
NC_022641.1	40052
NC_022640.1	40052
NC_022639.1	40052
NC_022638.1	40052
NC_022637.1	40052
NC_022634.1	40052
NC_022636.1	40052
NC_022635.1	40052
NC_022633.1	40052
NC_022632.1	1405807
NC_022631.1	1405807
NC_022630.1	1405807
NC_022629.1	1408137
NC_022628.1	1408137
NC_022627.1	1408137
NC_022626.1	1408137
NC_022625.1	1408137
NC_022624.1	1408137
NC_022623.1	1408137
NC_022622.1	1408137
NC_022621.1	1408137
NC_022620.1	1408137
NC_022617.1	1408894
NC_022616.1	1408894
NC_022615.1	1408895
NC_022614.1	1408895
NC_022611.1	1410467
NC_018872.2	1220025
NC_022597.1	1406134
NC_022596.1	1406134
NC_022595.1	1406134
NC_022586.1	2026195
NC_022581.1	685443
NC_022580.1	666962
NC_022564.1	1404345
NC_022562.1	40061
NC_022561.1	40061
NC_022560.1	40061
NC_022559.1	40061
NC_022558.1	40061
NC_022557.1	40061
NC_022556.1	40061
NC_022555.1	40061
NC_022554.1	40061
NC_022553.1	40061
NC_022519.1	1399914
NC_022518.1	166122
NC_022373.1	1398507
NC_022365.1	262957
NC_022332.1	2870364
NC_019854.2	1236392
NC_022253.1	2259540
NC_022252.1	747056
NC_022251.1	747056
NC_022250.1	747056
NC_022249.1	1389204
NC_022233.1	1608255
NC_022232.1	1392388
NC_022230.1	1391702
NC_022229.1	1391746
NC_005881.2	261939
NC_022131.1	1302848
NC_022104.1	1208310
NC_022103.1	1384461
NC_004763.2	12480
NC_022095.1	1472342
NC_022089.1	1341019
NC_022073.1	1383052
NC_022072.1	1381464
NC_022039.1	1368616
NC_022038.1	1368616
NC_022037.1	1368616
NC_022008.1	1311277
NC_022007.1	1311277
NC_022006.1	649890
NC_022005.1	2169732
NC_022004.1	649890
NC_022003.1	1227355
NC_022002.1	1381007
NC_001906.3	3052223
NC_021923.1	1367203
NC_021930.1	1370094
NC_021928.1	11224
NC_021926.1	204928
NC_021924.1	58094
NC_021874.1	1415665
NC_021873.1	1415665
NC_021851.1	1010616
NC_021786.1	1324128
NC_021736.1	1324959
NC_021735.1	1324959
NC_021705.2	1352511
NC_018381.2	1211480
NC_021719.1	1489311
NC_016660.1	875324
NC_021706.1	1353016
NC_021635.1	994994
NC_021634.1	994994
NC_021633.1	994994
NC_021632.1	994994
NC_021631.1	994994
NC_021630.1	994994
NC_021629.1	994994
NC_021628.1	994994
NC_021627.1	994994
NC_021626.1	994994
NC_021625.1	994994
NC_001493.2	10401
NC_021579.1	1336597
NC_021568.1	1345637
NC_021567.1	1345662
NC_021566.1	1345661
NC_021565.1	1148491
NC_021564.1	1301220
NC_021551.1	10942
NC_021550.1	10942
NC_021549.1	10942
NC_021548.1	10942
NC_021547.1	10942
NC_021546.1	10942
NC_021545.1	10942
NC_021544.1	10942
NC_021543.1	10942
NC_021542.1	10942
NC_021541.1	10942
NC_021482.1	1294177
NC_021484.1	2170101
NC_021483.1	1195796
NC_021481.1	2169987
NC_021472.1	1336600
NC_021341.1	1335768
NC_021245.1	1333313
NC_021244.1	1219465
NC_021243.1	1219465
NC_021242.1	1219465
NC_021223.1	1329781
NC_021222.1	1329781
NC_021220.1	1330520
NC_015784.2	1050407
NC_021206.1	1868219
NC_021205.1	1329381
NC_021204.1	2170119
NC_021203.1	1328031
NC_021202.1	1329380
NC_021201.1	980964
NC_020474.2	146015
NC_021197.1	1198144
NC_008250.2	1006061
NC_021178.1	1150861
NC_021154.1	1321391
NC_021148.1	1323529
NC_021147.1	1323529
NC_021099.1	1323523
NC_021098.1	1323523
NC_021097.1	1323524
NC_021096.1	1323524
NC_021095.1	1323525
NC_021094.1	1323525
NC_021074.1	1291515
NC_021065.1	715480
NC_020999.1	1213588
NC_020997.1	1312445
NC_020996.1	1312929
NC_020904.1	1194757
NC_020903.1	1167690
NC_020902.1	1307803
NC_020901.1	1945562
NC_020900.1	1945561
NC_020899.1	1945560
NC_020898.1	257463
NC_020897.1	257463
NC_020896.1	31743
NC_020890.1	1303334
NC_020881.1	2050037
NC_020810.1	38767
NC_020809.1	249583
NC_020808.1	211977
NC_020807.1	38766
NC_020806.1	290008
NC_020805.1	11272
NC_020804.1	318844
NC_020501.1	1235430
NC_020500.1	1235427
NC_020499.1	1511885
NC_020498.1	93678
NC_020473.1	1297645
NC_020472.1	1296573
NC_020471.1	1296569
NC_020470.1	73819
NC_020469.1	676234
NC_020445.1	419697
NC_020439.1	419697
NC_020448.1	419697
NC_020447.1	419697
NC_020446.1	419697
NC_020444.1	419697
NC_020443.1	419697
NC_020442.1	419697
NC_020441.1	419697
NC_020440.1	419697
NC_020415.1	535898
NC_001625.2	196398
NC_018714.1	1211388
NC_004060.2	12139
NC_003747.2	119910
NC_001696.2	12470
NC_001575.2	31744
NC_020257.1	1162280
NC_020256.1	1266995
NC_020255.1	1266994
NC_020254.1	1266993
NC_020253.1	1266977
NC_020252.1	1150353
NC_020235.1	859651
NC_020234.1	859651
NC_020231.1	33706
NC_014790.2	31732
NC_020085.1	1235428
NC_020084.1	1235429
NC_020206.1	3052164
NC_003462.2	35350
NC_020105.1	1239452
NC_020106.1	1277649
NC_020103.1	1087068
NC_020102.1	1087068
NC_020101.1	1087068
NC_020100.1	1087068
NC_020099.1	1168547
NC_017843.2	1173709
NC_020072.1	91613
NC_020071.1	2035999
NC_020070.1	1891773
NC_020069.1	1891769
NC_020068.1	1891722
NC_020067.1	1891718
NC_020066.1	2035998
NC_020065.1	1276181
NC_019945.1	101850
NC_019947.1	86502
NC_019853.1	1236391
NC_019852.1	1236767
NC_019851.1	1236398
NC_019844.1	1891719
NC_019712.1	154122
NC_019569.1	1227354
NC_019568.1	1227354
NC_012698.2	137758
NC_019531.1	28274
NC_019497.1	1249648
NC_019495.1	317878
NC_019494.1	1254425
NC_019493.1	1249676
NC_019492.1	185637
NC_019491.1	317858
NC_019415.1	1072517
NC_019412.1	87097
NC_019409.1	12204
NC_019036.1	1246650
NC_019035.1	1246650
NC_019034.1	1213406
NC_019031.1	1048434
NC_019030.1	1247116
NC_019029.1	1247115
NC_019028.1	1247114
NC_019027.1	1247113
NC_019026.1	683174
NC_019025.1	1243178
NC_019024.1	1188812
NC_019023.1	1315259
NC_018874.1	1241371
NC_018875.1	166056
NC_018862.1	1234888
NC_018858.1	264076
NC_018833.1	204478
NC_018718.1	1227356
NC_018717.1	1227357
NC_018716.1	1227356
NC_018715.1	1227357
NC_018713.1	2756242
NC_018711.1	1134579
NC_018710.1	1134579
NC_018703.1	1236047
NC_018702.1	1141625
NC_018668.1	1233320
NC_018629.1	1167696
NC_018616.1	213888
NC_018615.1	1231903
NC_018613.1	359987
NC_018579.1	1196237
NC_018578.1	1302850
NC_018577.1	1302849
NC_018576.1	1196236
NC_018575.1	1104917
NC_018572.1	1198147
NC_018530.1	1072672
NC_018519.1	1206566
NC_018506.1	2870351
NC_018505.1	1221449
NC_018504.1	307461
NC_018484.1	1223561
NC_018483.1	1223562
NC_018482.1	1223562
NC_018481.1	1223561
NC_018478.1	3052441
NC_018477.1	3052441
NC_018476.1	3052441
NC_018467.1	159150
NC_018466.1	159141
NC_018465.1	11582
NC_018464.1	159150
NC_018463.1	159150
NC_018462.1	159141
NC_018461.1	159141
NC_018460.1	11582
NC_018459.1	11582
NC_018458.1	1221437
NC_018457.1	1221206
NC_018456.1	1221206
NC_018455.1	128818
NC_018453.1	1218727
NC_018450.1	1221208
NC_018449.1	685899
NC_018448.1	1307958
NC_018404.1	1195163
NC_018403.1	1195163
NC_018402.1	1195163
NC_018401.1	1214955
NC_018399.1	1217821
NC_018384.1	223769
NC_018383.1	223769
NC_018382.1	1678146
NC_018226.1	1511784
NC_018176.1	405558
NC_018175.1	1046402
NC_018174.1	558690
NC_018173.1	558690
NC_018151.1	1202142
NC_018138.1	992212
NC_018137.1	992212
NC_018136.1	992212
NC_017085.1	881945
NC_017084.1	1163537
NC_017091.1	1163715
NC_018105.1	157270
NC_018102.1	1203539
NC_017685.1	380160
NC_015936.1	1074213
NC_017714.1	318836
NC_018093.1	46619
NC_018090.1	2050584
NC_018074.1	706525
NC_018076.1	706527
NC_018075.1	706526
NC_018072.1	1033976
NC_018071.1	1033976
NC_018070.1	1033976
NC_017997.1	1070417
NC_017996.1	1070413
NC_017995.1	1070410
NC_017994.1	1070409
NC_017993.1	1070408
NC_017991.1	1918014
NC_017990.1	1918014
NC_017989.1	1183241
NC_017988.1	1183241
NC_017987.1	290090
NC_017982.1	1891761
NC_017977.1	861561
NC_017970.1	453050
NC_017967.1	421010
NC_013668.3	150286
NC_017939.1	233784
NC_017938.1	233784
NC_017937.1	590647
NC_017936.1	1185359
NC_017917.1	1182518
NC_017916.1	1114942
NC_017915.1	1181310
NC_017914.1	1133751
NC_017913.1	649996
NC_011348.1	649996
NC_017862.1	940834
NC_017859.1	3158378
NC_017823.1	1174530
NC_017716.1	990303
NC_017830.1	1034096
NC_017826.1	39637
NC_017824.1	1176153
NC_017828.1	1174526
NC_014509.2	12473
NC_017099.1	1129873
NC_002792.2	51680
NC_016994.1	1159904
NC_015843.2	64293
NC_017005.1	1125764
NC_017004.1	1125764
NC_017003.1	1162083
NC_017002.1	1129033
NC_017001.1	1129033
NC_017000.1	1129035
NC_016999.1	1129034
NC_016998.1	1129032
NC_016984.1	884612
NC_016155.1	683172
NC_016964.1	1196647
NC_016960.1	1159195
NC_016965.1	938276
NC_016962.1	59305
NC_016961.1	48543
NC_016959.1	59302
NC_016898.1	1144379
NC_016896.1	1137931
NC_016744.1	1131483
NC_016883.1	1004049
NC_016882.1	1004049
NC_016881.1	1004049
NC_016880.1	1004049
NC_016879.1	1004049
NC_016878.1	1004049
NC_016877.1	1004049
NC_016876.1	1004049
NC_016875.1	1004049
NC_016874.1	1004049
NC_016769.1	1136133
NC_016752.1	1131485
NC_016760.1	1000373
NC_016759.1	1000373
NC_016758.1	1000373
NC_016757.1	1000373
NC_016572.1	666144
NC_016561.1	1128118
NC_016649.1	944994
NC_016648.1	1131702
NC_016647.1	1131622
NC_016581.1	1195378
NC_016580.1	1195378
NC_016579.1	1046571
NC_016578.1	666144
NC_016577.1	1046572
NC_016576.1	1046573
NC_016575.1	1046573
NC_016574.1	1046572
NC_016573.1	1046571
NC_004156.2	1128424
NC_016509.1	47985
NC_016519.1	1128119
NC_016518.1	1127767
NC_016517.1	1127767
NC_016418.1	1088890
NC_016417.1	203168
NC_016416.1	70177
NC_015939.1	1074325
NC_016075.1	1087109
NC_016074.1	1087108
NC_016448.1	1535247
NC_016447.1	50290
NC_016444.1	1120751
NC_016443.1	1120751
NC_016442.1	1123754
NC_016441.1	418827
NC_016440.1	47900
NC_012783.2	50292
NC_016436.1	217615
NC_016159.1	1080799
NC_016157.1	1055684
NC_016156.1	1108810
NC_016403.1	1089138
NC_012211.2	317027
NC_016405.1	1111710
NC_016404.1	3240218
NC_016153.1	3052315
NC_016152.1	3052315
NC_005227.2	3052503
NC_000883.2	10798
NC_016144.1	3052148
NC_016143.1	1513278
NC_016142.1	1513278
NC_016141.1	1513278
NC_015629.1	1037523
NC_016136.1	195060
NC_016087.1	1094249
NC_016086.1	1094249
NC_016085.1	1094249
NC_016084.1	1094249
NC_016083.1	1093958
NC_016082.1	1093958
NC_011505.2	28875
NC_011504.2	28875
NC_011509.2	28875
NC_011508.2	28875
NC_011507.2	28875
NC_011506.2	28875
NC_011503.2	28875
NC_011502.2	28875
NC_011501.2	28875
NC_011500.2	28875
NC_016081.1	71032
NC_016080.1	1093773
NC_011510.2	28875
NC_015962.1	983437
NC_015961.1	983437
NC_016044.1	414528
NC_016033.1	1080798
NC_016032.1	1084717
NC_016031.1	1084715
NC_016014.1	1081055
NC_016013.1	1081054
NC_016003.1	1081702
NC_007919.3	3071212
NC_015935.1	1074210
NC_015941.1	1074864
NC_015940.1	1074863
NC_015934.1	1074865
NC_015886.1	75888
NC_015885.1	75888
NC_015884.1	75888
NC_015883.1	75888
NC_015882.1	75888
NC_015881.1	75888
NC_015880.1	75888
NC_015879.1	75888
NC_015878.1	75888
NC_015877.1	75888
NC_015874.1	325676
NC_015783.1	68887
NC_015523.1	1027880
NC_015522.1	1027869
NC_007815.2	1038068
NC_015718.1	1045778
NC_015706.1	1043184
NC_005041.2	220638
NC_015692.1	889813
NC_015691.1	915424
NC_015668.1	1041929
NC_001545.2	11041
NC_015655.1	2034762
NC_015639.1	912320
NC_015521.1	1016879
NC_015394.2	409486
NC_015628.1	565052
NC_015627.1	565052
NC_015626.1	928289
NC_015524.1	288456
NC_015398.1	283675
NC_015553.1	1030595
NC_015552.1	1032457
NC_015227.2	944580
NC_015507.1	1016853
NC_015506.1	1016852
NC_015505.1	1016857
NC_015504.1	1016856
NC_015503.1	1016855
NC_015502.1	1016854
NC_015495.1	882768
NC_015494.1	882768
NC_015493.1	748667
NC_015492.1	748667
NC_015491.1	714309
NC_015490.1	714309
NC_015489.1	714308
NC_015488.1	714308
NC_015487.1	714310
NC_015469.1	1027232
NC_015468.1	1027232
NC_015467.1	1027232
NC_015325.1	998829
NC_015324.1	688540
NC_015452.1	1006583
NC_015451.1	1006583
NC_015450.1	1006583
NC_015413.1	688699
NC_015415.1	12615
NC_015414.1	12615
NC_015412.1	688699
NC_015411.1	688699
NC_015397.1	858517
NC_015396.1	1002273
NC_015395.1	1003891
NC_015393.1	112436
NC_015399.1	759938
NC_015374.1	629725
NC_015373.1	629725
NC_015375.1	629725
NC_015328.1	930168
NC_015317.1	999288
NC_015301.1	1980433
NC_015300.1	1980433
NC_015299.1	1980433
NC_015298.1	1980433
NC_015150.1	943908
NC_015268.1	996651
NC_015267.1	996650
NC_015229.1	548908
NC_015228.1	995049
NC_015220.1	81877
NC_015212.1	991022
NC_015135.1	38170
NC_015134.1	38170
NC_015133.1	38170
NC_015132.1	38170
NC_015131.1	38170
NC_015130.1	38170
NC_015129.1	38170
NC_015128.1	38170
NC_015127.1	38170
NC_015126.1	38170
NC_015116.1	11946
NC_015124.1	971271
NC_015070.1	977913
NC_015069.1	977913
NC_015051.1	945225
NC_015115.1	945962
NC_015043.1	932070
NC_015044.1	932069
NC_015046.1	932069
NC_015047.1	932070
NC_015045.1	932071
NC_015048.1	932071
NC_015050.1	909827
NC_015049.1	1605972
NC_014978.1	430911
NC_014977.1	430911
NC_014968.1	940846
NC_014967.1	943272
NC_014898.1	573615
NC_012554.2	598494
NC_014930.1	942037
NC_014929.1	942035
NC_014928.1	942034
NC_014927.1	942033
NC_014905.1	168135
NC_014904.1	941765
NC_014903.1	935473
NC_014902.1	935473
NC_014847.1	908124
NC_014894.1	908127
NC_014845.1	908028
NC_014823.1	939923
NC_014822.1	936005
NC_014821.1	75387
NC_002306.3	11135
NC_014799.1	929766
NC_004635.2	929766
NC_014791.1	946046
NC_014795.1	929769
NC_014794.1	929769
NC_014793.1	932662
NC_004764.2	133789
NC_014745.1	912034
NC_014743.1	2035845
NC_014742.1	930881
NC_014740.1	887825
NC_014739.1	887827
NC_014730.1	67761
NC_014708.1	519497
NC_014709.1	519497
NC_014711.1	519497
NC_014710.1	519497
NC_014712.1	519497
NC_014713.1	519497
NC_014714.1	519497
NC_014715.1	519497
NC_014716.1	519497
NC_014717.1	519497
NC_014092.2	1968861
NC_014707.1	913600
NC_014480.2	687341
NC_014524.1	204269
NC_014530.1	204269
NC_014531.1	204269
NC_014528.1	204269
NC_014527.1	204269
NC_014526.1	204269
NC_014525.1	204269
NC_014522.1	204269
NC_014523.1	204269
NC_014567.1	10353
NC_014665.1	707546
NC_014645.1	912033
NC_014647.1	911574
NC_014648.1	2033633
NC_014631.1	873160
NC_014630.1	666147
NC_014609.1	556524
NC_014598.1	907191
NC_014599.1	907191
NC_014600.1	907191
NC_014601.1	907191
NC_014602.1	907191
NC_014603.1	907191
NC_014604.1	907191
NC_014605.1	907191
NC_014606.1	907191
NC_014607.1	907191
NC_014596.1	905054
NC_014593.1	430710
NC_014547.1	889510
NC_014546.1	99585
NC_014545.1	312295
NC_014510.2	681518
NC_014542.1	713949
NC_014536.1	487155
NC_014511.1	884200
NC_014512.1	884200
NC_014513.1	884200
NC_014514.1	884200
NC_014515.1	884200
NC_014516.1	884200
NC_014517.1	884200
NC_014518.1	884200
NC_014519.1	884200
NC_014520.1	884200
NC_014521.1	884200
NC_014324.1	859650
NC_014473.1	671095
NC_014474.1	723802
NC_014481.1	878260
NC_014469.1	746832
NC_014468.1	727962
NC_014462.1	764348
NC_014465.1	764348
NC_014464.1	764348
NC_014463.1	764348
NC_014446.1	871521
NC_014447.1	871521
NC_014411.1	871699
NC_014412.1	871700
NC_014413.1	871701
NC_010441.2	507475
NC_014406.1	746830
NC_014407.1	746831
NC_014395.1	11588
NC_014396.1	11588
NC_014397.1	11588
NC_014381.1	180399
NC_014380.1	180399
NC_014358.1	864686
NC_014357.1	797418
NC_014359.1	862943
NC_014360.1	862944
NC_014361.1	862909
NC_014372.1	186541
NC_014327.1	160358
NC_014326.1	763552
NC_014325.1	433357
NC_014252.1	796352
NC_014064.1	421012
NC_014236.1	667093
NC_014237.1	667093
NC_014238.1	667093
NC_014239.1	667093
NC_014240.1	667093
NC_014241.1	667093
NC_014242.1	667093
NC_014243.1	667093
NC_014245.1	667093
NC_014244.1	667093
NC_014185.1	915429
NC_014143.1	759701
NC_014142.1	761702
NC_014141.1	761702
NC_014140.1	761701
NC_014067.1	327280
NC_014066.1	327280
NC_014127.1	688701
NC_014128.1	759390
NC_014130.1	759390
NC_014139.1	665102
NC_014138.1	665102
NC_014137.1	458132
NC_014126.1	213633
NC_014097.1	687369
NC_014096.1	687354
NC_014095.1	687374
NC_014094.1	687345
NC_014093.1	687380
NC_014091.1	687355
NC_014090.1	687372
NC_014089.1	687373
NC_014088.1	687371
NC_014087.1	687383
NC_014086.1	687370
NC_014085.1	687382
NC_014084.1	687347
NC_014083.1	687364
NC_014082.1	687375
NC_014081.1	687342
NC_014080.1	687346
NC_014079.1	687365
NC_014078.1	687358
NC_014077.1	687353
NC_014071.1	687385
NC_014070.1	687386
NC_014069.1	687343
NC_014076.1	687349
NC_014075.1	687351
NC_014074.1	687366
NC_014068.1	687376
NC_014073.1	687367
NC_014072.1	687384
NC_014038.1	129732
NC_014037.1	53954
NC_009011.2	10455
NC_006962.2	404196
NC_002190.2	1513224
NC_013640.2	693892
NC_013999.1	349681
NC_013953.1	166921
NC_013955.1	1972623
NC_013920.1	626962
NC_012729.2	1511883
NC_013774.1	720569
NC_013797.1	362830
NC_013796.1	715223
NC_013772.1	36355
NC_007730.2	367061
NC_013022.2	653358
NC_013695.1	1330521
NC_013639.1	693894
NC_013221.1	640897
NC_013220.1	640897
NC_013105.1	1980426
NC_013528.1	48544
NC_013527.1	666859
NC_011555.2	339420
NC_011545.2	1513208
NC_005210.2	72750
NC_005209.2	72750
NC_013499.1	663282
NC_005895.2	227507
NC_013471.1	687918
NC_013470.1	687918
NC_013469.1	687917
NC_013467.1	574890
NC_013465.1	652718
NC_013464.1	683179
NC_013461.1	43764
NC_013460.1	43764
NC_013459.1	43761
NC_013458.1	43761
NC_013455.1	1960253
NC_013439.1	1604874
NC_013447.1	675833
NC_013443.1	682382
NC_013405.1	449133
NC_013415.1	667119
NC_013414.1	667119
NC_013413.1	634441
NC_013404.1	449133
NC_013403.1	449133
NC_013402.1	449133
NC_013401.1	449133
NC_013400.1	449133
NC_013399.1	449133
NC_013398.1	449133
NC_013397.1	449133
NC_013396.1	449133
NC_006963.2	404196
NC_005896.2	227507
NC_013262.1	671126
NC_013261.1	433462
NC_013259.1	52135
NC_013258.1	52135
NC_013237.1	1513269
NC_013234.1	538123
NC_013233.1	538123
NC_013232.1	538123
NC_013231.1	538123
NC_013230.1	538123
NC_013229.1	538123
NC_013228.1	538123
NC_013227.1	538123
NC_013226.1	538123
NC_013225.1	538123
NC_013219.1	392504
NC_013218.1	392504
NC_013134.1	659660
NC_013133.1	659660
NC_013117.1	485362
NC_013116.1	664785
NC_013113.1	561576
NC_013112.1	561576
NC_013111.1	561576
NC_013110.1	479713
NC_013109.1	479713
NC_013108.1	1980426
NC_013107.1	1980426
NC_013106.1	1980426
NC_013102.1	664980
NC_013101.1	283824
NC_013100.1	283824
NC_013099.1	283824
NC_013098.1	283824
NC_013097.1	283824
NC_013096.1	283824
NC_013095.1	283824
NC_013094.1	283824
NC_013076.1	661101
NC_013075.1	661101
NC_013036.1	104388
NC_009026.2	64303
NC_006937.2	194397
NC_013060.1	645687
NC_013058.1	573900
NC_013057.1	573900
NC_013030.2	642258
NC_013035.1	915428
NC_013029.1	642257
NC_013019.1	579113
NC_013017.1	163654
NC_013015.1	659497
NC_013014.1	659497
NC_013028.1	642256
NC_013027.1	642255
NC_013026.1	642254
NC_013025.1	642253
NC_013024.1	642252
NC_013023.1	642251
NC_013020.1	642260
NC_013018.1	642259
NC_013006.1	132477
NC_013007.1	656190
NC_012986.1	1330524
NC_012958.1	595895
NC_012957.1	651733
NC_012931.1	572239
NC_012910.1	642478
NC_012909.1	642478
NC_012869.1	375546
NC_012812.1	402584
NC_011052.2	652717
NC_012802.1	2003650
NC_012801.1	586420
NC_012800.1	1330491
NC_012799.1	431317
NC_012798.1	2003651
NC_012787.1	648801
NC_012786.1	648801
NC_012777.1	3052314
NC_012776.1	3052314
NC_012755.1	559180
NC_012754.1	559180
NC_012728.1	647294
NC_012703.1	644610
NC_012702.1	644609
NC_012699.1	520973
NC_012685.1	185638
NC_012665.1	642493
NC_012664.1	638358
NC_012636.1	1513196
NC_012639.1	307467
NC_012585.1	274584
NC_012564.1	638313
NC_012561.1	11024
NC_012553.1	598494
NC_012546.1	411854
NC_012545.1	411854
NC_012544.1	411854
NC_012543.1	411854
NC_012542.1	411854
NC_012541.1	411854
NC_012540.1	411854
NC_012539.1	411854
NC_012538.1	411854
NC_012537.1	411854
NC_012536.1	411854
NC_012535.1	411854
NC_012531.1	631345
NC_012519.1	185218
NC_012492.1	575917
NC_012486.1	915427
NC_012485.1	915426
NC_012484.1	630199
NC_012482.1	457286
NC_012481.1	457286
NC_012437.1	622438
NC_012212.1	2169725
NC_012210.1	590403
NC_012136.1	578305
NC_012135.1	578305
NC_012134.1	578305
NC_012206.1	614034
NC_012137.1	620894
NC_012120.1	509532
NC_012118.1	619631
NC_012126.1	1218490
NC_012123.1	526413
NC_012094.1	575913
NC_012042.1	1511882
NC_012041.1	591160
NC_012038.1	592206
NC_011919.1	587620
NC_011920.1	587370
NC_011918.1	255066
NC_011807.1	39681
NC_011805.1	509532
NC_011804.1	509531
NC_011803.1	229030
NC_011800.1	318279
NC_011809.1	39681
NC_011808.1	39681
NC_011765.1	445217
NC_011702.1	367121
NC_011706.1	580254
NC_011705.1	580254
NC_011704.1	576948
NC_011659.1	253700
NC_011639.1	1972626
NC_011644.1	55744
NC_011643.1	578361
NC_011620.1	12183
NC_011616.1	566270
NC_011592.1	263892
NC_011591.1	591166
NC_011588.1	92521
NC_011584.1	393599
NC_011583.1	393599
NC_011558.1	1985698
NC_011557.1	509923
NC_011556.1	509923
NC_011552.1	183585
NC_011550.1	572289
NC_011549.1	572290
NC_011568.1	1985698
NC_011544.1	214439
NC_011543.1	305785
NC_011540.1	335963
NC_011560.1	270478
NC_011559.1	312275
NC_011554.1	339420
NC_011553.1	339420
NC_011546.1	481147
NC_011541.1	160843
NC_011539.1	312274
NC_011538.1	312009
NC_011537.1	312273
NC_011536.1	524023
NC_011535.1	208084
NC_011532.1	471285
NC_011530.1	485241
NC_011525.1	138982
NC_006306.2	11553
NC_011515.1	68033
NC_011423.1	542343
NC_011400.1	568715
NC_011347.1	559878
NC_011346.1	559878
NC_011349.1	390157
NC_011345.1	208013
NC_011317.1	487311
NC_011310.1	563775
NC_011280.1	446138
NC_011268.1	543876
NC_011187.1	378833
NC_011190.1	487492
NC_011189.1	487492
NC_011182.1	619599
NC_011181.1	619599
NC_007030.2	53988
NC_011135.1	551531
NC_011109.1	936059
NC_011106.1	516956
NC_011108.1	479060
NC_011096.1	548915
NC_011086.1	547467
NC_011067.1	544686
NC_011066.1	544686
NC_011065.1	544686
NC_011070.1	186786
NC_011069.1	186786
NC_011068.1	186786
NC_011062.1	36403
NC_011058.1	463360
NC_011051.1	470214
NC_011050.1	436911
NC_011024.1	604276
NC_010991.1	483537
NC_010990.1	483537
NC_010989.1	483537
NC_010984.1	483537
NC_010988.1	470166
NC_010987.1	470166
NC_010986.1	421976
NC_010985.1	421976
NC_010834.1	536086
NC_010833.1	536086
NC_010836.1	536084
NC_010835.1	536084
NC_010838.1	536081
NC_010837.1	536081
NC_010840.1	526476
NC_010839.1	526476
NC_010947.1	452758
NC_010832.1	447171
NC_010954.1	332471
NC_010955.1	204873
NC_010950.1	55216
NC_010949.1	55216
NC_010953.1	51676
NC_010952.1	51676
NC_010951.1	51673
NC_010948.1	51673
NC_010946.1	420684
NC_010944.1	402399
NC_010820.1	338079
NC_010818.1	508748
NC_010817.1	500654
NC_010812.1	437063
NC_010806.1	474454
NC_010809.1	471717
NC_010800.1	11152
NC_010799.1	497863
NC_010797.1	520848
NC_010792.1	486809
NC_010791.1	486809
NC_010739.1	461322
NC_010748.1	311228
NC_010753.1	311228
NC_010752.1	311228
NC_010747.1	311228
NC_010751.1	311228
NC_010746.1	311228
NC_010750.1	311228
NC_010749.1	311228
NC_010756.1	2905947
NC_010761.1	2905947
NC_010760.1	3052311
NC_010758.1	3052311
NC_010759.1	3052305
NC_010757.1	3052305
NC_010755.1	674982
NC_010754.1	674982
NC_010745.1	311228
NC_010744.1	311228
NC_010743.1	311228
NC_010736.1	515575
NC_010735.1	515446
NC_010738.1	515444
NC_010737.1	515320
NC_010732.1	192203
NC_010714.1	390438
NC_010713.1	390438
NC_010706.1	235434
NC_010705.1	235434
NC_010701.1	3052329
NC_010710.1	328061
NC_010709.1	328061
NC_010708.1	1980493
NC_010707.1	1980493
NC_010704.1	1980493
NC_010712.1	180822
NC_010711.1	180822
NC_010703.1	3052331
NC_010700.1	3052331
NC_010702.1	3052329
NC_010670.1	205899
NC_010667.1	205899
NC_010664.1	205899
NC_010665.1	205899
NC_010661.1	205899
NC_010669.1	205899
NC_010668.1	205899
NC_010666.1	205899
NC_010662.1	205899
NC_010663.1	205899
NC_010648.1	169865
NC_010647.1	169865
NC_010646.1	694015
NC_010618.1	519015
NC_010594.1	465447
NC_010593.1	465447
NC_010592.1	465447
NC_010591.1	465447
NC_010590.1	465447
NC_010589.1	465447
NC_010588.1	465447
NC_010587.1	465447
NC_010586.1	465447
NC_010585.1	465447
NC_010584.1	465447
NC_009448.2	434309
NC_010561.1	267970
NC_010560.1	267970
NC_002028.2	12302
NC_010563.1	3052302
NC_010562.1	3052302
NC_010538.1	142843
NC_010521.1	397544
NC_010491.1	460926
NC_010490.1	460926
NC_010489.1	460926
NC_010440.1	507476
NC_010439.1	507474
NC_010437.1	393767
NC_010435.1	508750
NC_010434.1	365150
NC_010417.1	391228
NC_010416.1	445435
NC_010415.1	1330521
NC_010352.1	496807
NC_010350.1	425010
NC_010349.1	425010
NC_010348.1	492502
NC_010347.1	492502
NC_010346.1	492502
NC_010351.1	425010
NC_010345.1	351495
NC_010344.1	351495
NC_010343.1	351495
NC_010329.1	337054
NC_010313.1	501328
NC_010319.1	3158377
NC_010318.1	3158377
NC_010317.1	3158377
NC_010316.1	3158377
NC_010315.1	3158377
NC_010314.1	3158377
NC_010307.1	498805
NC_010305.1	478550
NC_010306.1	96491
NC_010295.1	457382
NC_010294.1	117198
NC_010293.1	117198
NC_010276.1	490711
NC_010253.1	144752
NC_010247.1	2886894
NC_010254.1	3052304
NC_010252.1	3052304
NC_010256.1	3052298
NC_010255.1	3052298
NC_010249.1	144752
NC_010251.1	2886894
NC_010250.1	3052322
NC_010248.1	3052322
NC_010246.1	441999
NC_010238.1	435646
NC_010240.1	489830
NC_010226.1	464980
NC_010178.1	180903
NC_010107.1	479058
NC_009992.1	675077
NC_009991.1	475777
NC_009996.1	463676
NC_009995.1	167129
NC_009994.1	33765
NC_009951.1	452475
NC_009947.1	284687
NC_009946.1	284687
NC_009945.1	284687
NC_009944.1	284687
NC_009891.1	471728
NC_009895.1	70566
NC_009894.1	70566
NC_009889.1	11834
NC_009892.1	471498
NC_009890.1	463392
NC_009896.1	70566
NC_009805.1	460364
NC_009764.1	404404
NC_009759.1	329164
NC_009758.1	439016
NC_009757.1	439015
NC_009756.1	439014
NC_009744.1	400396
NC_009742.1	400394
NC_009741.1	373398
NC_009745.1	45661
NC_006273.2	10359
NC_009087.2	12165
NC_008708.2	243563
NC_008035.3	161494
NC_009642.1	368735
NC_009640.1	3052562
NC_009647.1	390437
NC_009645.1	390437
NC_009646.1	390436
NC_009644.1	390436
NC_009612.1	158463
NC_009607.1	158463
NC_009606.1	71186
NC_009605.1	71186
NC_009609.1	152177
NC_009608.1	152177
NC_009553.1	409287
NC_009549.1	390443
NC_009548.1	390442
NC_009547.1	390441
NC_009546.1	390440
NC_009545.1	390439
NC_009550.1	300411
NC_009539.1	440266
NC_009532.1	70822
NC_009527.1	57482
NC_009538.1	37127
NC_009537.1	37127
NC_009533.1	445227
NC_009536.1	37127
NC_009521.1	335204
NC_009520.1	335204
NC_009519.1	335204
NC_009503.1	359919
NC_009491.1	1124577
NC_009490.1	1124577
NC_009489.1	3052559
NC_009451.1	326811
NC_003976.2	172314
NC_001826.2	33708
NC_002568.2	12558
NC_009383.1	436066
NC_009354.1	420255
NC_009334.1	12509
NC_009240.1	432587
NC_009252.1	10986
NC_009251.1	10986
NC_009250.1	10986
NC_009249.1	10986
NC_009248.1	10986
NC_009245.1	10986
NC_009243.1	10986
NC_009238.1	1891764
NC_009247.1	10986
NC_009246.1	10986
NC_009244.1	10986
NC_009242.1	10986
NC_009241.1	10986
NC_009224.1	425009
NC_009225.1	687379
NC_009127.1	180230
NC_002686.2	35246
NC_009088.1	360579
NC_009041.1	425279
NC_009031.1	425303
NC_009030.1	392761
NC_009032.1	370833
NC_009025.1	294365
NC_009017.1	283876
NC_009013.1	370833
NC_009010.1	52996
NC_002229.3	10390
NC_009003.1	265522
NC_009002.1	265522
NC_009001.1	265522
NC_009000.1	265522
NC_008999.1	265522
NC_008998.1	265522
NC_008997.1	265522
NC_008996.1	265522
NC_008995.1	265522
NC_008994.1	265522
NC_008993.1	265522
NC_008992.1	265522
NC_008991.1	265522
NC_008990.1	265522
NC_008989.1	265522
NC_008988.1	265522
NC_008986.1	265522
NC_008985.1	265522
NC_008984.1	265522
NC_008983.1	265522
NC_008982.1	265522
NC_008981.1	265522
NC_008980.1	265522
NC_008979.1	265522
NC_008978.1	265522
NC_008977.1	265522
NC_008976.1	265522
NC_008973.1	265522
NC_008972.1	265522
NC_008971.1	265522
NC_008970.1	265522
NC_008969.1	265522
NC_008968.1	265522
NC_008967.1	265522
NC_008966.1	265522
NC_008965.1	265522
NC_008964.1	265522
NC_008963.1	265522
NC_008962.1	265522
NC_008961.1	265522
NC_008960.1	265522
NC_008959.1	265522
NC_008958.1	265522
NC_008957.1	265522
NC_008956.1	265522
NC_008955.1	265522
NC_008954.1	265522
NC_008953.1	265522
NC_008952.1	265522
NC_008951.1	265522
NC_008950.1	265522
NC_008949.1	265522
NC_008948.1	265522
NC_008947.1	265522
NC_008946.1	265522
NC_003607.2	45237
NC_008941.1	419435
NC_008940.1	419435
NC_008939.1	419435
NC_008938.1	419435
NC_008937.1	419435
NC_008936.1	419435
NC_008935.1	419435
NC_008934.1	419435
NC_008933.1	419435
NC_008932.1	419435
NC_008931.1	419435
NC_008930.1	419435
NC_008929.1	419435
NC_008928.1	419435
NC_008927.1	419435
NC_008926.1	419435
NC_008925.1	419435
NC_008924.1	419435
NC_008923.1	419435
NC_008922.1	419435
NC_008921.1	419435
NC_008920.1	419435
NC_008919.1	419435
NC_008918.1	419435
NC_008917.1	419435
NC_008916.1	419435
NC_008915.1	419435
NC_008914.1	419435
NC_008913.1	419435
NC_008912.1	419435
NC_008911.1	419435
NC_008910.1	419435
NC_008909.1	419435
NC_008908.1	419435
NC_008907.1	419435
NC_008906.1	419435
NC_008905.1	419435
NC_008904.1	419435
NC_008903.1	419435
NC_008902.1	419435
NC_008901.1	419435
NC_008900.1	419435
NC_008899.1	419435
NC_008898.1	419435
NC_008897.1	419435
NC_008896.1	419435
NC_008895.1	419435
NC_008894.1	419435
NC_008893.1	419435
NC_008892.1	419435
NC_008891.1	419435
NC_008890.1	419435
NC_008889.1	419435
NC_008888.1	419435
NC_008887.1	419435
NC_008886.1	419435
NC_008885.1	419435
NC_008884.1	419435
NC_008883.1	419435
NC_008882.1	419435
NC_008881.1	419435
NC_008880.1	419435
NC_008879.1	419435
NC_008878.1	419435
NC_008877.1	419435
NC_008876.1	419435
NC_008875.1	419435
NC_008874.1	419435
NC_008873.1	419435
NC_008872.1	419435
NC_008871.1	419435
NC_008870.1	419435
NC_008869.1	419435
NC_008868.1	419435
NC_008867.1	419435
NC_008866.1	419435
NC_008865.1	419435
NC_008864.1	419435
NC_008863.1	419435
NC_008862.1	419435
NC_008861.1	419435
NC_008860.1	419435
NC_008859.1	419435
NC_008858.1	419435
NC_008857.1	419435
NC_008856.1	419435
NC_008855.1	419435
NC_008854.1	419435
NC_008853.1	419435
NC_008852.1	419435
NC_008851.1	419435
NC_008850.1	419435
NC_008849.1	419435
NC_008848.1	419435
NC_008847.1	419435
NC_008846.1	419435
NC_008845.1	419435
NC_008844.1	419435
NC_008843.1	419435
NC_008842.1	419435
NC_008841.1	419435
NC_008840.1	419435
NC_008839.1	419435
NC_008838.1	419435
NC_008837.1	419435
NC_008824.1	394036
NC_008794.1	417288
NC_008793.1	1233675
NC_008780.1	408719
NC_008779.1	408719
NC_008737.1	185954
NC_008736.1	185954
NC_008735.1	185954
NC_008734.1	185954
NC_008733.1	185954
NC_008732.1	185954
NC_008731.1	185954
NC_008730.1	185954
NC_008729.1	185954
NC_008728.1	185954
NC_008725.1	1307954
NC_008716.1	368736
NC_008707.1	243563
NC_008706.1	243563
NC_008614.1	388038
NC_008580.1	303317
NC_008585.1	326941
NC_008586.1	59376
NC_008582.1	10568
NC_008559.1	377462
NC_008558.1	323118
NC_008552.1	367682
NC_008522.1	400122
NC_008521.1	400121
NC_008517.1	407837
NC_008516.1	405554
NC_008519.1	392505
NC_008514.1	373862
NC_008493.1	403897
NC_008492.1	403897
NC_008494.1	361731
NC_008393.1	12210
NC_008377.1	401040
NC_008373.1	400835
NC_008365.1	335187
NC_008374.1	297249
NC_008375.1	345250
NC_008366.1	399314
NC_008348.1	1307956
NC_008329.1	377609
NC_008317.1	379728
NC_008316.1	377610
NC_008311.1	1246677
NC_008305.1	77811
NC_008304.1	429564
NC_008298.1	369584
NC_008303.1	163325
NC_008302.1	163325
NC_008301.1	163325
NC_008307.1	89471
NC_008306.1	89471
NC_008300.1	89471
NC_008297.1	360397
NC_008299.1	619631
NC_008292.1	379892
NC_008293.1	1307957
NC_008284.1	292477
NC_008283.1	292477
NC_003792.2	173976
NC_003839.2	12280
NC_008267.1	395349
NC_008266.1	160844
NC_001401.2	10804
NC_008249.1	328430
NC_008252.1	204507
NC_008251.1	392174
NC_008236.1	371401
NC_008210.1	389214
NC_008211.1	85655
NC_008191.1	348449
NC_008190.1	348449
NC_008189.1	915425
NC_008188.1	338323
NC_008184.1	936060
NC_008168.1	56947
NC_008170.1	347219
NC_008169.1	347219
NC_008183.1	367301
NC_008182.1	367301
NC_008181.1	338781
NC_008180.1	338781
NC_008179.1	338781
NC_008178.1	338781
NC_008177.1	338781
NC_008176.1	338781
NC_008175.1	338781
NC_008174.1	338781
NC_008173.1	338781
NC_008172.1	338781
NC_008171.1	338781
NC_008094.1	11884
NC_008059.1	367850
NC_008058.1	223342
NC_008057.1	223342
NC_008056.1	367850
NC_001959.2	122928
NC_008041.1	43763
NC_008040.1	43763
NC_008039.1	33760
NC_008038.1	33760
NC_008037.1	33760
NC_008032.1	338903
NC_008034.1	380669
NC_008029.1	2170238
NC_008033.1	349370
NC_008028.1	578107
NC_008018.1	334778
NC_008017.1	362399
NC_008020.1	216614
NC_008007.1	10484
NC_008003.1	10484
NC_008008.1	10484
NC_008006.1	10484
NC_008005.1	10484
NC_008004.1	10484
NC_008002.1	10484
NC_008001.1	10484
NC_008000.1	10484
NC_007999.1	10484
NC_007998.1	10484
NC_007996.1	10484
NC_007995.1	10484
NC_007994.1	10484
NC_007993.1	10484
NC_007992.1	10484
NC_007991.1	10484
NC_007990.1	10484
NC_007989.1	10484
NC_007988.1	10484
NC_007987.1	10484
NC_007986.1	10484
NC_007985.1	10484
NC_005977.2	216371
NC_005976.2	216371
NC_004905.2	130760
NC_007965.1	77813
NC_007966.1	77813
NC_007921.1	1962501
NC_007923.1	349564
NC_007922.1	349563
NC_007916.1	331642
NC_007913.1	322053
NC_007904.1	3052325
NC_007905.1	3052308
NC_007906.1	3052308
NC_007803.1	341053
NC_007903.1	3052325
NC_003604.2	35288
NC_007767.1	28288
NC_006024.2	40051
NC_007741.1	246280
NC_007740.1	246280
NC_007739.1	246280
NC_007738.1	246280
NC_007737.1	246280
NC_007736.1	246280
NC_007757.1	356862
NC_007756.1	356862
NC_007755.1	356862
NC_007754.1	356862
NC_007753.1	356862
NC_007752.1	356862
NC_007751.1	356862
NC_007750.1	356862
NC_007749.1	356862
NC_007748.1	356862
NC_007747.1	246280
NC_007746.1	246280
NC_007745.1	246280
NC_007744.1	246280
NC_007743.1	246280
NC_007742.1	246280
NC_007731.1	85454
NC_007728.1	341167
NC_007729.1	137556
NC_007727.1	365523
NC_007726.1	365523
NC_007724.1	329290
NC_007723.1	309390
NC_007679.1	333348
NC_007654.1	348296
NC_007653.1	340907
NC_007674.1	341721
NC_007673.1	341721
NC_007672.1	341721
NC_007671.1	341721
NC_007670.1	341721
NC_007669.1	341721
NC_007668.1	341721
NC_007667.1	341721
NC_007666.1	341721
NC_007665.1	306276
NC_007664.1	306276
NC_007663.1	306276
NC_007662.1	306276
NC_007661.1	306276
NC_007660.1	306276
NC_007659.1	306276
NC_007658.1	306276
NC_007657.1	306276
NC_007656.1	306276
NC_007647.1	362693
NC_007649.1	362692
NC_007648.1	310749
NC_007642.1	32612
NC_007646.1	10398
NC_007638.1	337823
NC_007619.1	340921
NC_007612.1	1001533
NC_007611.1	46771
NC_007609.1	70823
NC_007605.1	10376
NC_007538.1	235994
NC_007569.1	36427
NC_007574.1	36427
NC_007572.1	36427
NC_007547.1	36427
NC_007584.1	173082
NC_007583.1	173082
NC_007582.1	173082
NC_007571.1	36427
NC_007570.1	36427
NC_007543.1	36427
NC_007544.1	36427
NC_007545.1	36427
NC_007546.1	36427
NC_007537.1	235994
NC_007536.1	311229
NC_007535.1	311229
NC_007534.1	311229
NC_007533.1	311229
NC_007518.1	2030964
NC_007592.1	173082
NC_007591.1	173082
NC_007590.1	173082
NC_007589.1	173082
NC_007588.1	173082
NC_007587.1	173082
NC_007586.1	173082
NC_007585.1	173082
NC_007568.1	352248
NC_007567.1	352248
NC_007566.1	352248
NC_007565.1	352248
NC_007564.1	352248
NC_007563.1	352248
NC_007562.1	352248
NC_007561.1	352248
NC_007560.1	352248
NC_007559.1	352248
NC_007556.1	335103
NC_007555.1	335103
NC_007554.1	335103
NC_007553.1	335103
NC_007548.1	335103
NC_007532.1	311229
NC_007531.1	311229
NC_007529.1	311229
NC_007528.1	311229
NC_007527.1	311229
NC_007526.1	311229
NC_007525.1	311229
NC_007524.1	311229
NC_007523.1	210827
NC_007542.1	158372
NC_007541.1	158372
NC_007540.1	158372
NC_007539.1	158372
NC_007573.1	36427
NC_007522.1	674971
NC_007210.2	325111
NC_007455.1	3052040
NC_007454.1	322067
NC_007448.1	64003
NC_007447.1	46473
NC_007433.1	62059
NC_005301.3	3052518
NC_007415.1	213034
NC_005300.2	3052518
NC_007408.1	316983
NC_007383.1	332054
NC_007380.1	488241
NC_007381.1	488241
NC_007382.1	488241
NC_007370.1	335341
NC_007366.1	335341
NC_007367.1	335341
NC_007372.1	335341
NC_007369.1	335341
NC_007374.1	488241
NC_007368.1	335341
NC_007371.1	335341
NC_007373.1	335341
NC_007378.1	488241
NC_007377.1	488241
NC_007376.1	488241
NC_007375.1	488241
NC_007363.1	93838
NC_007362.1	93838
NC_007358.1	93838
NC_007364.1	93838
NC_007339.1	269275
NC_007338.1	223323
NC_007340.1	67754
NC_007341.1	67754
NC_001361.2	12167
NC_007290.1	307110
NC_007289.1	12169
NC_007242.1	54289
NC_007241.1	54289
NC_007220.1	324685
NC_007218.1	1513204
NC_007211.1	337826
NC_007222.1	296210
NC_007221.1	296210
NC_007216.1	201862
NC_004830.2	198112
NC_006383.2	2593991
NC_007192.1	12194
NC_007180.1	299200
NC_007163.1	77698
NC_007162.1	77698
NC_007161.1	77698
NC_007160.1	77698
NC_007159.1	77698
NC_007158.1	77698
NC_007157.1	77698
NC_007156.1	77698
NC_007155.1	77698
NC_007154.1	77698
NC_007150.1	312349
NC_007151.1	320432
NC_007147.1	221262
NC_007015.1	69576
NC_007044.1	53988
NC_007020.1	318558
NC_007018.1	1511919
NC_007069.1	310750
NC_007014.1	289367
NC_007013.1	289366
NC_007027.1	145856
NC_007026.1	145856
NC_007041.1	53988
NC_007040.1	53988
NC_007039.1	53988
NC_007038.1	53988
NC_007037.1	53988
NC_007036.1	53988
NC_007035.1	53988
NC_007034.1	53988
NC_007033.1	53988
NC_007032.1	53988
NC_007031.1	53988
NC_007029.1	53988
NC_007028.1	53988
NC_006998.1	10245
NC_007002.1	328670
NC_007003.1	1411991
NC_006995.1	310103
NC_006961.1	674983
NC_006960.1	674983
NC_006965.1	28351
NC_006964.1	28351
NC_006946.1	307677
NC_006951.1	291590
NC_006950.1	312008
NC_006955.1	1476909
NC_006948.1	301865
NC_006944.1	300740
NC_006939.1	295090
NC_006941.1	137475
NC_006943.1	112228
NC_006934.1	11636
NC_006874.1	996311
NC_006876.1	302100
NC_006875.1	243550
NC_003786.2	47416
NC_003785.2	47416
NC_005137.2	74660
NC_004778.3	208973
NC_001749.2	28347
NC_006623.1	10386
NC_006631.1	290030
NC_006633.1	39640
NC_006634.1	39640
NC_006635.1	39640
NC_006638.1	39640
NC_006639.1	39640
NC_006640.1	39640
NC_006642.1	39640
NC_006644.1	39640
NC_006646.1	39640
NC_006649.1	39640
NC_006650.1	39640
NC_006662.1	39640
NC_006661.1	39640
NC_006660.1	39640
NC_006659.1	39640
NC_006658.1	39640
NC_006657.1	39640
NC_006656.1	39640
NC_006655.1	39640
NC_006654.1	39640
NC_006653.1	39640
NC_006652.1	39640
NC_006651.1	39640
NC_006648.1	39640
NC_006647.1	39640
NC_006645.1	39640
NC_006643.1	39640
NC_006641.1	39640
NC_006637.1	39640
NC_006636.1	39640
NC_006575.1	300175
NC_006574.1	300175
NC_006573.1	300180
NC_006572.1	300180
NC_006561.1	257468
NC_006555.1	292208
NC_006560.1	10317
NC_006559.1	294369
NC_006564.1	292792
NC_006554.1	290314
NC_006550.1	263004
NC_006568.1	255238
NC_006567.1	255238
NC_006566.1	255238
NC_006558.1	59300
NC_006296.2	11242
NC_002509.2	12230
NC_006497.1	2907958
NC_006508.1	11569
NC_006507.1	11569
NC_006506.1	11569
NC_006504.1	11569
NC_006496.1	11569
NC_006495.1	11569
NC_006494.1	232800
NC_006428.1	3052561
NC_006432.1	186540
NC_006429.1	12538
NC_006441.1	284689
NC_006440.1	284689
NC_006431.1	245101
NC_006437.1	93830
NC_006435.1	93830
NC_006433.1	93830
NC_006447.1	2905917
NC_006384.1	298650
NC_006367.1	271257
NC_006359.1	293284
NC_006358.1	293284
NC_006319.1	206160
NC_006316.1	73561
NC_006315.1	73561
NC_006314.1	73561
NC_006311.1	11553
NC_006320.1	206160
NC_006318.1	206160
NC_006276.1	292052
NC_006275.1	292052
NC_006272.1	202566
NC_006271.1	202566
NC_006265.1	66200
NC_006269.1	291175
NC_006263.1	281492
NC_006264.1	279538
NC_006261.1	202813
NC_006260.1	202812
NC_006259.1	172296
NC_006262.1	146500
NC_001716.2	10372
NC_006147.2	37325
NC_006152.1	82300
NC_006151.1	10345
NC_006150.1	47929
NC_006148.1	252602
NC_006146.1	45455
NC_001411.2	12285
NC_003094.2	51313
NC_006063.1	103881
NC_006062.1	103881
NC_006061.1	103881
NC_006066.1	269213
NC_006065.1	269213
NC_006064.1	269213
NC_006060.1	253702
NC_006059.1	253701
NC_006057.1	12271
NC_006056.1	12271
NC_002024.2	12321
NC_006054.1	274495
NC_006053.1	274495
NC_006052.1	274495
NC_006051.1	274495
NC_001491.2	10326
NC_005985.1	167021
NC_006009.1	40050
NC_005995.1	40059
NC_005994.1	40059
NC_005993.1	40059
NC_005992.1	40059
NC_005991.1	40059
NC_005990.1	40059
NC_006019.1	40050
NC_006018.1	40050
NC_006017.1	40050
NC_006016.1	40050
NC_005996.1	40050
NC_006012.1	40050
NC_005134.2	247269
NC_006006.1	104581
NC_006005.1	104581
NC_006004.1	104581
NC_006003.1	104581
NC_006002.1	104581
NC_006001.1	104581
NC_006000.1	104581
NC_005999.1	104581
NC_005998.1	104581
NC_005997.1	104581
NC_005989.1	40059
NC_005988.1	40059
NC_005987.1	40059
NC_005986.1	40059
NC_006025.1	40051
NC_006023.1	40051
NC_006022.1	40051
NC_006015.1	40051
NC_006014.1	40051
NC_006010.1	40051
NC_006007.1	40051
NC_006021.1	40050
NC_006020.1	40050
NC_006011.1	40050
NC_005975.1	279896
NC_005974.1	209854
NC_005983.1	311176
NC_005982.1	311176
NC_005981.1	2560520
NC_005980.1	2560520
NC_005979.1	2560520
NC_005978.1	2560520
NC_005965.1	279539
NC_004452.3	196375
NC_005947.1	93465
NC_005950.1	89623
NC_005906.1	249151
NC_005905.1	111874
NC_005904.1	41764
NC_005903.1	41763
NC_005899.1	272751
NC_005898.1	272751
NC_005883.1	267285
NC_005888.1	259931
NC_005890.1	259898
NC_005889.1	256548
NC_005897.1	3052324
NC_005894.1	3052324
NC_010624.1	234601
NC_005855.1	270146
NC_005851.1	260908
NC_005850.1	260908
NC_005854.1	64958
NC_005849.1	64958
NC_005848.1	64958
NC_005842.1	270140
NC_005846.1	269277
NC_005845.1	269277
NC_005844.1	271479
NC_005843.1	240492
NC_005819.1	191289
NC_005818.1	191289
NC_005817.1	191289
NC_005812.1	266799
NC_005811.1	266799
NC_005807.1	240865
NC_005790.1	246343
NC_005778.1	52280
NC_005777.1	118655
NC_005776.1	118655
NC_005775.1	118655
NC_005636.1	263793
NC_005635.1	263793
NC_005084.2	2907837
NC_005348.1	260379
NC_005347.1	260378
NC_005339.1	241630
NC_005331.1	228897
NC_005330.1	228897
NC_005341.1	185636
NC_005343.1	12166
NC_003493.2	57119
NC_005319.1	270117
NC_005320.1	229636
NC_005321.1	229634
NC_005304.1	114921
NC_001929.2	10815
NC_001928.2	10815
NC_005302.1	3052518
NC_005287.1	229149
NC_005290.1	50817
NC_005289.1	50817
NC_005286.1	35291
NC_005288.1	32624
NC_005285.1	255587
NC_005281.1	324900
NC_005283.1	37131
NC_005267.1	12809
NC_005266.1	12809
NC_005264.1	50294
NC_005238.1	3052498
NC_005237.1	3052498
NC_005236.1	3052498
NC_005228.1	3052503
NC_005226.1	3052503
NC_005217.1	3052499
NC_005216.1	3052499
NC_005215.1	3052499
NC_005225.1	3052493
NC_005224.1	3052493
NC_005223.1	3052493
NC_005222.1	3052480
NC_005221.1	11591
NC_005220.1	11591
NC_005214.1	11591
NC_002618.2	40979
NC_005176.1	185782
NC_005175.1	185782
NC_005174.1	185782
NC_005173.1	185782
NC_005172.1	185782
NC_005171.1	185782
NC_005170.1	185782
NC_005169.1	185782
NC_005168.1	185782
NC_005167.1	185782
NC_005166.1	185782
NC_005148.1	85708
NC_005138.1	12173
NC_005136.1	112437
NC_005132.1	174142
NC_002815.2	112227
NC_005092.1	240555
NC_005095.1	222557
NC_005094.1	222557
NC_005093.1	1980915
NC_005097.1	12282
NC_005096.1	12282
NC_005082.1	3052307
NC_005077.1	3052307
NC_005079.1	3052317
NC_005078.1	3052317
NC_005081.1	2169991
NC_005080.1	2169991
NC_005074.1	196690
NC_005068.1	35254
NC_005065.1	154339
NC_005053.1	232802
NC_004994.2	2913605
NC_005039.1	64294
NC_005038.1	170617
NC_005036.1	204987
NC_005032.1	96054
NC_005031.1	263001
NC_005028.1	46917
NC_005029.1	43130
NC_004995.1	199361
NC_004324.3	175814
NC_004907.1	130760
NC_004906.1	130760
NC_004828.1	219704
NC_004825.1	207240
NC_004824.1	207240
NC_004812.1	10325
NC_004810.1	51330
NC_004809.1	51330
NC_004807.1	68876
NC_004800.1	208491
NC_004765.1	2847078
NC_004756.1	12042
NC_004751.1	2170100
NC_004755.1	78395
NC_004752.1	41460
NC_004750.1	2169986
NC_002160.2	2169985
NC_002198.2	228582
NC_004730.1	32629
NC_004729.1	32629
NC_004725.1	2560401
NC_004724.1	167634
NC_004714.1	75914
NC_004656.2	223275
NC_004690.1	224399
NC_004676.1	62079
NC_004675.1	128941
NC_002076.2	687340
NC_004674.1	62079
NC_004673.1	227137
NC_004666.1	224578
NC_004667.1	55951
NC_004662.1	223321
NC_004661.1	223321
NC_004660.1	223316
NC_004659.1	223316
NC_004658.1	223313
NC_004657.1	223313
NC_004655.1	223275
NC_004654.1	223332
NC_004647.1	223352
NC_004648.1	223346
NC_004651.1	222474
NC_004650.1	100755
NC_004646.1	223324
NC_004645.1	223324
NC_004644.1	223308
NC_004640.1	225752
NC_004641.1	223334
NC_004638.1	223308
NC_004639.1	191463
NC_004637.1	191460
NC_004642.1	92963
NC_004634.1	222475
NC_004630.1	223262
NC_004627.1	222441
NC_004628.1	172278
NC_004626.1	44560
NC_004625.1	223262
NC_004618.1	222450
NC_004613.1	223345
NC_004614.1	223344
NC_004612.1	223347
NC_004611.1	223347
NC_004609.1	223287
NC_004608.1	223287
NC_004607.1	223252
NC_004583.1	222464
NC_004582.1	222456
NC_004579.1	1239574
NC_004581.1	77647
NC_004580.1	77647
NC_004573.1	187978
NC_004569.1	219744
NC_001505.2	1891770
NC_004560.1	218667
NC_001481.2	11978
NC_004559.1	219299
NC_004558.1	219299
NC_004541.1	146073
NC_004542.1	1176484
NC_004540.1	3051985
NC_004500.1	211787
NC_004455.1	159122
NC_004450.1	178354
NC_004451.1	1002918
NC_004442.1	329639
NC_004441.1	64141
NC_004440.1	12275
NC_004439.1	12275
NC_004426.1	187977
NC_004425.1	79918
NC_004424.1	79918
NC_004423.1	79918
NC_004422.1	228578
NC_004421.1	194965
NC_004365.1	209529
NC_004366.1	184020
NC_004367.1	106331
NC_004364.1	37733
NC_004363.1	37733
NC_004362.1	37733
NC_004356.1	211866
NC_004346.1	12472
NC_004322.1	167132
NC_003468.2	1980456
NC_003467.2	1980456
NC_004300.1	207697
NC_004295.1	72197
NC_004297.1	3052310
NC_004296.1	3052310
NC_004290.1	185639
NC_004288.1	180586
NC_004289.1	159153
NC_004287.1	125788
NC_004286.1	37138
NC_004285.1	1513199
NC_004284.1	12524
NC_004293.1	3052328
NC_004292.1	3052328
NC_004294.1	3052303
NC_004291.1	3052303
NC_004216.1	104580
NC_004215.1	104580
NC_004214.1	104580
NC_004213.1	104580
NC_004212.1	104580
NC_004210.1	104580
NC_004209.1	104580
NC_004208.1	104580
NC_004207.1	104580
NC_004206.1	104580
NC_004205.1	104580
NC_004199.1	104580
NC_004221.1	649604
NC_004220.1	649604
NC_004219.1	649604
NC_004218.1	649604
NC_004217.1	649604
NC_004211.1	649604
NC_004204.1	649604
NC_004203.1	649604
NC_004202.1	649604
NC_004201.1	649604
NC_004200.1	649604
NC_004198.1	649604
NC_004195.1	40537
NC_004197.1	10561
NC_004192.1	223305
NC_004191.1	46839
NC_004190.1	46839
NC_004189.1	46839
NC_004188.1	46839
NC_004187.1	46839
NC_004186.1	46839
NC_004185.1	46839
NC_004184.1	46839
NC_004183.1	46839
NC_004182.1	46839
NC_004181.1	46839
NC_004180.1	46839
NC_004176.1	59816
NC_004168.1	59816
NC_004177.1	48981
NC_004169.1	48981
NC_004179.1	10995
NC_004178.1	10995
NC_004161.1	186539
NC_004153.1	208177
NC_004159.1	3052514
NC_004158.1	3052514
NC_004157.1	3052514
NC_004147.1	53260
NC_004144.1	12287
NC_004145.1	12286
NC_004146.1	12287
NC_004142.1	12286
NC_004122.1	188141
NC_004121.1	188141
NC_004120.1	188141
NC_004124.1	81931
NC_004123.1	81931
NC_004117.1	204440
NC_004054.1	88389
NC_004053.1	88388
NC_004052.1	88387
NC_004049.1	198597
NC_004107.1	35269
NC_004110.1	11577
NC_004109.1	11577
NC_004108.1	11577
NC_004106.1	35281
NC_004104.1	333769
NC_004100.1	223284
NC_004099.1	223284
NC_004098.1	223282
NC_004097.1	223282
NC_004101.1	223301
NC_004096.1	223301
NC_004091.1	202568
NC_004090.1	222078
NC_004074.1	162013
NC_004071.1	199587
NC_004068.1	197771
NC_004067.1	112229
NC_004065.1	10366
NC_004063.1	12154
NC_004062.1	192584
NC_004044.1	185793
NC_004050.1	198599
NC_004051.1	186772
NC_004046.1	186769
NC_004047.1	43240
NC_004043.1	10839
NC_004042.1	10839
NC_004039.1	12215
NC_004036.1	194445
NC_004034.1	170965
NC_004035.1	32619
NC_004010.1	40640
NC_004017.1	157837
NC_004016.1	157837
NC_004012.1	150285
NC_004015.1	107804
NC_004014.1	107804
NC_004011.1	42004
NC_004013.1	12199
NC_004008.1	12301
NC_004007.1	12301
NC_004006.1	12301
NC_004005.1	10832
NC_003988.1	310907
NC_003990.1	2871093
NC_003987.1	1002921
NC_003985.1	118140
NC_003983.1	47001
NC_003930.1	84589
NC_003924.1	12136
NC_003138.2	172220
NC_003908.1	11039
NC_003900.1	44158
NC_003899.1	11021
NC_003898.1	196093
NC_003897.1	220932
NC_003896.1	28350
NC_003891.1	220608
NC_003870.1	167927
NC_003876.1	152217
NC_003877.1	129141
NC_003874.1	114871
NC_003878.1	111418
NC_003873.1	674954
NC_003884.1	75747
NC_003883.1	75747
NC_003871.1	67962
NC_003887.1	51336
NC_003886.1	1511847
NC_003885.1	1511847
NC_003868.1	223356
NC_003867.1	223357
NC_003853.1	193120
NC_003862.1	223328
NC_003861.1	223328
NC_003857.1	94700
NC_003856.1	94700
NC_003865.1	1051966
NC_003860.1	1051966
NC_003866.1	51336
NC_003852.1	31749
NC_003849.1	28354
NC_003835.1	151043
NC_003834.1	151043
NC_003833.1	151043
NC_003828.1	123735
NC_003825.1	49267
NC_003843.1	3052571
NC_003841.1	3052571
NC_003832.1	3052571
NC_003831.1	47838
NC_003830.1	47838
NC_003824.1	29256
NC_003823.1	28882
NC_003845.1	12317
NC_003844.1	12317
NC_003842.1	12317
NC_003838.1	12315
NC_003837.1	12315
NC_003836.1	12315
NC_003840.1	12280
NC_003820.1	12188
NC_003822.1	10830
NC_003804.1	63723
NC_003803.1	63723
NC_003802.1	2838388
NC_003810.1	42680
NC_003809.1	42680
NC_003808.1	42680
NC_003797.1	41459
NC_003807.1	28348
NC_003806.1	28348
NC_003811.1	12295
NC_003805.1	12295
NC_003800.1	12263
NC_003799.1	12263
NC_003794.1	12187
NC_003795.1	31770
NC_003791.1	173976
NC_003790.1	336959
NC_003783.1	103442
NC_003788.1	101688
NC_003787.1	101688
NC_003784.1	92395
NC_003782.1	81583
NC_003780.1	340187
NC_003779.1	64698
NC_003781.1	12742
NC_003775.1	12267
NC_003742.1	192452
NC_003748.1	333920
NC_003746.1	59380
NC_003771.1	42475
NC_003770.1	42475
NC_003769.1	42475
NC_003759.1	42475
NC_003758.1	42475
NC_003757.1	42475
NC_003752.1	42475
NC_003751.1	42475
NC_003750.1	42475
NC_003749.1	42475
NC_003776.1	3052763
NC_003755.1	3052763
NC_003754.1	3052763
NC_003753.1	3052763
NC_003756.1	12267
NC_003743.1	131083
NC_003745.1	11008
NC_003774.1	10991
NC_003773.1	10991
NC_003772.1	10991
NC_003768.1	10991
NC_003767.1	10991
NC_003766.1	10991
NC_003765.1	10991
NC_003764.1	10991
NC_003763.1	10991
NC_003762.1	10991
NC_003761.1	10991
NC_003760.1	10991
NC_003744.1	10836
NC_003741.1	12262
NC_003740.1	12451
NC_003739.1	12451
NC_003738.1	12262
NC_003737.1	10990
NC_003736.1	10990
NC_003735.1	10990
NC_003734.1	10990
NC_003733.1	10990
NC_003732.1	10990
NC_003731.1	10990
NC_003730.1	10990
NC_003729.1	10990
NC_003728.1	10990
NC_003723.1	37128
NC_003725.1	37128
NC_003724.1	37128
NC_003722.1	180526
NC_003711.1	160484
NC_003710.1	160484
NC_003707.1	62352
NC_003706.1	62352
NC_003705.1	62352
NC_003704.1	62352
NC_003703.1	62352
NC_003702.1	62352
NC_003701.1	62352
NC_003700.1	62352
NC_003699.1	62352
NC_003698.1	62352
NC_003697.1	62352
NC_003696.1	62352
NC_003709.1	35341
NC_003708.1	35341
NC_003694.1	191547
NC_003693.1	191547
NC_003692.1	103782
NC_003691.1	103782
NC_003688.1	91753
NC_003689.1	42882
NC_003680.1	2169984
NC_003679.1	358764
NC_002512.2	79700
NC_003678.1	119222
NC_003674.1	33773
NC_003673.1	33773
NC_003670.1	31750
NC_003665.1	172391
NC_003664.1	172391
NC_003671.1	33773
NC_003669.1	31750
NC_003672.1	28355
NC_003668.1	28355
NC_003629.1	193121
NC_003633.1	146762
NC_003651.1	116056
NC_003650.1	116056
NC_003649.1	116056
NC_003634.1	72539
NC_003648.1	67585
NC_003646.1	67585
NC_003645.1	67585
NC_003644.1	67585
NC_003643.1	67585
NC_003642.1	67585
NC_003641.1	67585
NC_003661.1	33724
NC_003660.1	33724
NC_003659.1	33724
NC_003658.1	33724
NC_003657.1	33724
NC_003656.1	33724
NC_003655.1	33724
NC_003654.1	33724
NC_003653.1	33724
NC_003652.1	33724
NC_003628.1	12777
NC_003630.1	12239
NC_003632.1	12182
NC_003626.1	51354
NC_003627.1	12138
NC_003625.1	11612
NC_003622.1	12273
NC_003621.1	12273
NC_003606.1	31742
NC_003609.1	180587
NC_003610.1	111970
NC_003608.1	53181
NC_003603.1	47740
NC_003602.1	35289
NC_003620.1	198612
NC_003619.1	198612
NC_003614.1	40687
NC_003618.1	31713
NC_003617.1	31713
NC_003601.1	12530
NC_003623.1	12274
NC_003615.1	12274
NC_003605.1	12202
NC_003624.1	11612
NC_003616.1	11612
NC_003556.1	186637
NC_003566.1	59817
NC_003564.1	59817
NC_003563.1	59817
NC_003562.1	59817
NC_003561.1	59817
NC_003560.1	59817
NC_003559.1	59817
NC_003570.1	56486
NC_003569.1	56486
NC_003568.1	56486
NC_003555.1	29255
NC_003557.1	12458
NC_003554.1	10649
NC_003549.1	12264
NC_003548.1	37126
NC_003547.1	37126
NC_003546.1	37126
NC_003534.1	40282
NC_003537.1	29271
NC_003535.1	12627
NC_003543.1	12303
NC_003542.1	12303
NC_003541.1	12303
NC_003550.1	12264
NC_003545.1	12261
NC_003544.1	12261
NC_003536.1	12198
NC_003532.1	12144
NC_003501.1	42631
NC_003529.1	207830
NC_003531.1	12268
NC_003530.1	12268
NC_003521.1	188763
NC_003512.1	71972
NC_003511.1	71972
NC_003510.1	71972
NC_003509.1	65743
NC_003502.1	65743
NC_003520.1	46436
NC_003519.1	46436
NC_003518.1	46436
NC_003499.1	31722
NC_003517.1	31721
NC_003516.1	31721
NC_003515.1	31721
NC_003514.1	31721
NC_003513.1	31721
NC_003505.1	31602
NC_003504.1	31602
NC_003498.1	10640
NC_003496.1	12260
NC_003495.1	12260
NC_003492.1	12197
NC_003491.1	156690
NC_003487.1	12056
NC_003483.1	12466
NC_003482.1	12466
NC_003466.1	1980456
NC_003471.1	37961
NC_003470.1	37961
NC_003479.1	12585
NC_003477.1	12585
NC_003476.1	12585
NC_003475.1	12585
NC_003474.1	12585
NC_003473.1	12585
NC_003481.1	12327
NC_003478.1	12327
NC_003469.1	12327
NC_003480.1	12319
NC_003465.1	12319
NC_003464.1	12319
NC_003461.1	12730
NC_003453.1	134632
NC_003452.1	134632
NC_003451.1	134632
NC_003448.1	35297
NC_003446.1	167161
NC_003445.1	167161
NC_003443.1	2560525
NC_003436.1	28295
NC_003434.1	188333
NC_003433.1	78540
NC_003418.1	120168
NC_003417.1	59301
NC_003412.1	186165
NC_003410.1	142661
NC_003397.1	12196
NC_003401.1	154334
NC_003400.1	445435
NC_003399.1	157018
NC_003398.1	12224
NC_003377.1	12203
NC_003382.1	174178
NC_003378.1	107324
NC_003381.1	328671
NC_003375.1	12433
NC_003376.1	12431
NC_003379.1	268776
NC_003369.1	12041
NC_003355.1	1169032
NC_003357.1	85753
NC_003347.1	103722
NC_003348.1	82676
NC_003326.1	10834
NC_003243.1	90961
NC_003224.1	12232
NC_003215.1	11033
NC_003199.1	223252
NC_002991.1	12465
NC_002990.1	12465
NC_003113.1	170621
NC_003102.1	46242
NC_003093.1	104664
NC_003084.1	130556
NC_003083.1	70600
NC_003059.1	168238
NC_003056.1	12049
NC_003054.1	146032
NC_003031.1	362398
NC_003025.1	205895
NC_003024.1	205895
NC_003023.1	205895
NC_003022.1	205895
NC_003021.1	205895
NC_003020.1	205895
NC_003019.1	205895
NC_003018.1	205895
NC_003017.1	205895
NC_003016.1	205895
NC_003015.1	205908
NC_003014.1	205908
NC_003013.1	205908
NC_003012.1	205908
NC_003011.1	205908
NC_003010.1	205908
NC_003009.1	205908
NC_003008.1	205908
NC_003007.1	205908
NC_003006.1	205908
NC_003005.1	142102
NC_003004.1	76875
NC_003003.1	76875
NC_002985.1	134681
NC_002984.1	134681
NC_002981.1	222079
NC_002817.1	223337
NC_002816.1	28289
NC_002532.2	11047
NC_001839.2	59504
NC_002803.1	696863
NC_002800.1	148880
NC_002797.1	148880
NC_002795.1	101764
NC_002794.1	10397
NC_002766.1	131082
NC_002729.1	148879
NC_002728.1	3052225
NC_002701.1	155414
NC_002692.1	12253
NC_002691.1	12288
NC_002665.1	10385
NC_002657.1	11096
NC_002058.3	138950
NC_001792.2	133704
NC_002641.1	37108
NC_002633.1	146499
NC_002634.1	12222
NC_002615.1	33756
NC_001739.2	10651
NC_002604.1	129395
NC_002598.1	40279
NC_002600.1	33763
NC_002593.1	98383
NC_002588.1	71030
NC_001875.2	262177
NC_001796.2	11216
NC_002577.1	35250
NC_002567.1	134606
NC_002566.1	134606
NC_002565.1	134606
NC_002564.1	134606
NC_002563.1	134606
NC_002562.1	134606
NC_002561.1	134606
NC_002560.1	134606
NC_002559.1	134606
NC_002558.1	134606
NC_002557.1	134606
NC_002556.1	134599
NC_002555.1	134599
NC_002552.1	104263
NC_002548.1	92444
NC_002551.1	35612
NC_002549.1	186538
NC_002543.1	46448
NC_002531.1	35252
NC_002526.1	11303
NC_002510.1	222459
NC_001556.1	12241
NC_001555.1	12227
NC_001554.1	12145
NC_001547.1	11034
NC_001544.1	11029
NC_001543.1	11976
NC_002500.1	131226
NC_002470.1	70793
NC_002469.1	1239577
NC_002468.1	129143
NC_002361.1	126070
NC_002359.1	83544
NC_002358.1	45103
NC_002357.1	45103
NC_002356.1	83544
NC_002351.1	100887
NC_002350.1	75746
NC_002349.1	75746
NC_002331.1	51677
NC_002330.1	100887
NC_002328.1	3052762
NC_002327.1	3052762
NC_002326.1	3052762
NC_002325.1	3052762
NC_002324.1	3052762
NC_002323.1	3052762
NC_002251.1	1985704
NC_002201.1	109270
NC_002199.1	92129
NC_002195.1	687377
NC_002187.1	77344
NC_002169.1	10454
NC_002164.1	113553
NC_002161.1	3052729
NC_001278.1	111470
NC_000960.1	106962
NC_000947.1	79917
NC_000936.1	97344
NC_000903.1	103603
NC_000898.1	32604
NC_000882.1	83839
NC_000874.1	94290
NC_000870.1	85752
NC_000869.1	85752
NC_000855.1	1147160
NC_002077.1	85106
NC_002066.1	89463
NC_002052.1	3052585
NC_002051.1	3052585
NC_002050.1	3052585
NC_002049.1	223307
NC_002048.1	223307
NC_002047.1	51034
NC_002046.1	51034
NC_002042.1	28375
NC_002041.1	28375
NC_002040.1	12313
NC_002039.1	12313
NC_002038.1	12313
NC_002037.1	12285
NC_002036.1	12294
NC_002035.1	12305
NC_002034.1	12305
NC_001983.1	33726
NC_001984.1	33726
NC_001982.1	37206
NC_001981.1	37206
NC_001990.1	85652
NC_001987.1	85618
NC_001977.1	12152
NC_001973.1	10449
NC_001964.1	73498
NC_001963.1	73497
NC_001962.1	271108
NC_001961.1	28344
NC_001948.1	196400
NC_001946.1	65467
NC_001944.1	77856
NC_001943.1	1868658
NC_001940.1	11768
NC_001939.1	10835
NC_001938.1	10835
NC_001937.1	10829
NC_001936.1	10829
NC_001935.1	10827
NC_001934.1	10827
NC_001933.1	31600
NC_001932.1	31600
NC_001931.1	10838
NC_001930.1	10838
NC_001927.1	35304
NC_001926.1	35304
NC_001925.1	35304
NC_001921.1	3139435
NC_001918.1	1313215
NC_001917.1	223358
NC_001916.1	11002
NC_001915.1	11002
NC_001914.1	10654
NC_001899.1	72003
NC_001897.1	1803956
NC_001886.1	31741
NC_001874.1	66834
NC_001873.1	29272
NC_001868.1	268785
NC_001867.1	39720
NC_001866.1	11867
NC_001859.1	12064
NC_001844.1	10331
NC_001841.1	12844
NC_001837.1	3052610
NC_001836.1	217686
NC_001834.1	64279
NC_001831.1	207343
NC_001829.1	57579
NC_001828.1	223358
NC_001822.1	45224
NC_001818.1	60714
NC_001815.1	33748
NC_001814.1	40666
NC_001812.1	12178
NC_001802.1	11676
NC_001801.1	12235
NC_001800.1	150284
NC_001793.1	56879
NC_001789.1	56144
NC_001786.1	11020
NC_001785.1	12205
NC_001782.1	12450
NC_001780.1	52274
NC_001777.1	12055
NC_001768.1	12228
NC_001753.1	12177
NC_001748.1	12181
NC_001747.1	12045
NC_001746.1	12158
NC_001729.1	46350
NC_001728.1	12238
NC_001726.1	47736
NC_001725.1	47903
NC_001724.1	40270
NC_001722.1	11709
NC_001721.1	47669
NC_001718.1	10796
NC_001710.1	54290
NC_001702.1	44561
NC_001701.1	38251
NC_001699.1	10632
NC_002064.1	39116
NC_001694.1	333767
NC_001693.1	40540
NC_001691.1	40539
NC_001690.1	40538
NC_001678.1	10570
NC_001676.1	1671798
NC_001671.1	12208
NC_001662.1	28314
NC_001661.1	12162
NC_001658.1	39046
NC_001652.1	11290
NC_001648.1	38062
NC_001647.1	10826
NC_001642.1	35286
NC_001641.1	42478
NC_001639.1	11048
NC_001634.1	35593
NC_001633.1	32625
NC_001632.1	35287
NC_001623.1	46015
NC_001619.1	35258
NC_001618.1	354090
NC_001617.1	147711
NC_001616.1	12216
NC_001605.1	10567
NC_001600.1	31711
NC_001598.1	12161
NC_001596.1	10621
NC_001595.1	10620
NC_001593.1	333765
NC_001591.1	10616
NC_001587.1	333764
NC_001586.1	333763
NC_001583.1	333762
NC_001576.1	333759
NC_001574.1	31559
NC_001560.1	11277
NC_001552.1	3052731
NC_001550.1	11855
NC_001549.1	11723
NC_001542.1	11292
NC_001541.1	10623
NC_001540.1	10784
NC_001539.1	10788
NC_001538.1	1891762
NC_001531.1	333923
NC_001523.1	10564
NC_001522.1	3085316
NC_001517.1	12209
NC_001514.1	11856
NC_001513.1	12153
NC_001512.1	2169701
NC_001511.1	11663
NC_001510.1	10794
NC_001508.1	10831
NC_001507.1	10831
NC_001506.1	11830
NC_001504.1	11987
NC_001503.1	11757
NC_001502.1	11809
NC_001501.1	11801
NC_001500.1	11819
NC_001499.1	11788
NC_001498.1	11234
NC_002027.1	12302
NC_002026.1	12302
NC_002025.1	12321
NC_001495.1	12321
NC_002063.1	58103
NC_001494.1	11746
NC_001492.1	40281
NC_001489.1	12092
NC_001488.1	11909
NC_001486.1	28300
NC_001484.1	10406
NC_001483.1	12179
NC_001482.1	11673
NC_001480.1	12151
NC_001479.1	12104
NC_001478.1	10837
NC_001469.1	12143
NC_001468.1	10817
NC_001467.1	10817
NC_001466.1	10820
NC_001463.1	11660
NC_001461.1	11099
NC_001458.1	28311
NC_001457.1	10617
NC_001452.1	2169971
NC_001451.1	11120
NC_001449.1	11036
NC_001445.1	12211
NC_001442.1	1891754
NC_001441.1	12180
NC_001440.1	12305
NC_001439.1	220340
NC_001438.1	220340
NC_001436.1	11908
NC_001434.1	291484
NC_001430.1	138951
NC_001427.1	12618
NC_001414.1	11901
NC_001413.1	11657
NC_001409.1	12175
NC_001408.1	363745
NC_001407.1	11886
NC_001405.1	129951
NC_001403.1	11885
NC_001402.1	11958
NC_001369.1	223303
NC_001368.1	12294
NC_001367.1	12242
NC_001366.1	204711
NC_001362.1	11795
NC_001359.1	223303
NC_001357.1	333761
NC_001356.1	334203
NC_001355.1	10600
NC_001354.1	10589
NC_001352.1	337043
NC_001350.1	10381
NC_001348.1	10335
NC_001344.1	12639
NC_001343.1	10653
NC_001339.1	12142
NC_002211.1	518987
NC_002210.1	518987
NC_002209.1	518987
NC_002208.1	518987
NC_002207.1	518987
NC_002206.1	518987
NC_002205.1	518987
NC_002023.1	211044
NC_002022.1	211044
NC_002021.1	211044
NC_002020.1	211044
NC_002019.1	211044
NC_002018.1	211044
NC_002017.1	211044
NC_002016.1	211044
NC_001798.2	10310
NC_001450.1	11665
NC_001607.1	1714621
NC_001847.1	10320
NC_001871.1	53182
NC_002032.1	54315
NC_002617.1	139270
NC_002801.1	148880
NC_002802.1	148880
NC_003043.1	157619
NC_003472.1	37961
NC_003503.1	76343
NC_003506.1	76343
NC_003507.1	76343
NC_003508.1	76343
NC_003982.1	47000
NC_004004.1	12118
NC_004148.2	162145
NC_004355.1	172148
NC_005075.1	196690
NC_005839.2	10464
NC_006947.1	64287
NC_007223.1	296210
NC_007620.1	152219
NC_007652.1	38525
NC_009544.1	439491
NC_010819.1	338478
NC_011542.1	348823
NC_015781.2	354328
NC_020258.1	1162280
NC_021196.1	243560
NC_021704.1	394239
NC_021707.2	1348500
NC_022643.1	1385427
NC_023437.1	1401263
NC_023678.1	1188792
NC_023857.1	1477515
NC_023867.1	1234882
NC_024117.1	1489311
NC_025264.1	1170234
NC_025354.1	490110
NC_025374.1	623144
NC_025392.1	1972568
NC_026813.1	1640379
NC_026948.1	1542973
NC_026949.1	1542973
NC_026950.1	1542973
NC_026951.1	1542973
NC_026952.1	1542973
NC_026953.1	1542973
NC_026956.1	1542973
NC_027201.1	11587
NC_027202.1	11587
NC_027203.1	11587
NC_023861.1	1755588
NC_023874.1	1455626
NC_025379.1	1239567
NC_026811.1	1118369
NC_001497.1	10641
NC_001608.3	3052505
NC_001615.2	11307
NC_001664.2	32603
NC_001885.2	11840
NC_002786.1	59749
NC_003500.2	39443
NC_004045.1	198589
NC_005261.2	35244
NC_005852.1	260909
NC_005853.1	260909
NC_006008.1	40051
NC_006013.1	40051
NC_006307.1	11553
NC_006308.1	11553
NC_006309.1	11553
NC_006310.1	11553
NC_006312.1	11553
NC_007733.1	352882
NC_009424.4	11970
NC_011097.1	549205
NC_011309.1	563180
NC_011372.1	444193
NC_015782.1	1051792
NC_016038.1	1046403
NC_019559.1	1261657
NC_001358.1	10799
NC_001630.1	35340
NC_001819.1	11938
NC_003349.1	10468
NC_004136.1	143921
NC_004137.1	143921
NC_004274.1	538123
NC_004275.1	538123
NC_004276.1	538123
NC_004277.1	538123
NC_004278.1	538123
NC_004279.1	538123
NC_004280.1	538123
NC_004281.1	538123
NC_004282.4	538123
NC_004283.1	538123
NC_004713.1	35339
NC_004723.1	197112
NC_004779.1	200255
NC_004780.1	200255
NC_004781.1	200255
NC_004782.1	200255
NC_005147.1	31631
NC_005876.1	260684
NC_006444.1	279540
NC_006445.1	279540
NC_006446.1	279540
NC_006967.1	305676
NC_007732.1	42005
NC_007983.1	334425
NC_007997.1	10484
NC_008019.2	79600
NC_008026.1	79600
NC_008185.1	344970
NC_008186.1	344971
NC_008315.1	389230
NC_008349.1	379891
NC_008727.1	399387
NC_009568.1	446549
NC_009888.1	99000
NC_009923.1	475879
NC_009924.1	475879
NC_010327.1	136187
NC_010436.1	393768
NC_011063.1	546552
NC_011064.1	546552
NC_011354.1	566972
NC_011533.1	375547
NC_011615.1	559170
NC_011618.1	576714
NC_011619.1	576712
NC_012205.1	614033
NC_012672.1	640862
NC_012948.1	502108
NC_012949.1	502105
NC_012950.1	627439
NC_014897.1	908137
NC_015122.1	979781
NC_015630.1	988776
NC_017827.1	53010
NC_018104.1	167947
NC_018669.1	683173
NC_019032.1	681518
NC_020232.1	1235314
NC_020861.1	754071
NC_020906.1	400677
NC_021925.1	1367204
NC_022231.1	100755
NC_023640.1	1128143
NC_024072.1	1492296
NC_024688.1	1569367
NC_024892.1	763552
NC_025258.1	1559374
NC_025369.1	927576
NC_025372.1	928213
NC_025398.1	1316453
NC_025409.1	767521
NC_025721.1	1379721
NC_025826.1	1574627
NC_025827.1	1574628
NC_025828.1	1574629
NC_026471.1	1541794
NC_026644.1	1618241
NC_027006.1	112229
NC_027013.1	11082
NC_027200.1	1640278
NC_001346.1	10821
NC_001526.2	333760
NC_001564.1	31658
NC_002654.2	148363
NC_003225.2	92652
NC_003977.1	10407
NC_004323.1	80366
NC_006500.1	55987
NC_010191.1	489089
NC_016154.1	944969
NC_016895.1	727977
NC_016990.1	1159905
NC_017918.1	1177191
NC_018570.1	1027947
NC_018617.1	2170116
NC_024299.1	1286143
NC_024453.1	795694
NC_025349.1	862945
NC_025479.1	1425364
NC_025480.1	1425364
NC_025897.1	1286214
NC_026020.1	1227557
NC_026618.1	1266451
NC_026820.1	1637496
NC_026821.1	1637496
NC_026822.1	1637496
NC_026823.1	1637496
NC_026824.1	1637496
NC_026825.1	1637496
NC_026826.1	1637496
NC_026827.1	1637496
NC_026828.1	1637496
NC_026829.1	1637496
NC_026830.1	1637496
